DATE,Bitcoin (USD)
22-05-2017,2123.00
23-05-2017,2273.00
24-05-2017,2433.00
25-05-2017,2355.00
26-05-2017,2273.00
27-05-2017,2100.00
28-05-2017,2233.00
29-05-2017,2279.00
30-05-2017,2192.00
31-05-2017,2303.00
01-06-2017,2420.00
02-06-2017,2479.00
03-06-2017,2548.00
04-06-2017,2521.00
05-06-2017,2698.00
06-06-2017,2871.00
07-06-2017,2686.00
08-06-2017,2800.00
09-06-2017,2811.00
10-06-2017,2931.00
11-06-2017,2999.00
12-06-2017,2656.00
13-06-2017,2709.00
14-06-2017,2432.00
15-06-2017,2410.00
16-06-2017,2480.00
17-06-2017,2635.00
18-06-2017,2515.00
19-06-2017,2597.00
20-06-2017,2725.00
21-06-2017,2643.00
22-06-2017,2680.00
23-06-2017,2691.00
24-06-2017,2575.00
25-06-2017,2506.00
26-06-2017,2408.00
27-06-2017,2576.00
28-06-2017,2553.00
29-06-2017,2530.00
30-06-2017,2455.00
01-07-2017,2424.00
02-07-2017,2517.00
03-07-2017,2542.00
04-07-2017,2602.00
05-07-2017,2617.00
06-07-2017,2605.00
07-07-2017,2501.00
08-07-2017,2561.00
09-07-2017,2509.00
10-07-2017,2331.00
11-07-2017,2310.00
12-07-2017,2383.00
13-07-2017,2340.00
14-07-2017,2217.00
15-07-2017,1964.00
16-07-2017,1912.00
17-07-2017,2235.00
18-07-2017,2308.00
19-07-2017,2259.00
20-07-2017,2873.00
21-07-2017,2657.00
22-07-2017,2825.00
23-07-2017,2754.00
24-07-2017,2762.00
25-07-2017,2564.00
26-07-2017,2526.00
27-07-2017,2665.00
28-07-2017,2786.00
29-07-2017,2700.00
30-07-2017,2724.00
31-07-2017,2857.00
01-08-2017,2733.00
02-08-2017,2700.00
03-08-2017,2787.00
04-08-2017,2857.00
05-08-2017,3243.00
06-08-2017,3222.00
07-08-2017,3398.00
08-08-2017,3422.00
09-08-2017,3343.00
10-08-2017,3445.00
11-08-2017,3656.00
12-08-2017,3874.00
13-08-2017,4060.00
14-08-2017,4321.00
15-08-2017,4160.00
16-08-2017,4370.00
17-08-2017,4280.00
18-08-2017,4102.00
19-08-2017,4157.00
20-08-2017,4051.00
21-08-2017,4002.00
22-08-2017,4092.00
23-08-2017,4143.00
24-08-2017,4312.00
25-08-2017,4360.00
26-08-2017,4344.00
27-08-2017,4340.00
28-08-2017,4385.00
29-08-2017,4599.00
30-08-2017,4582.00
31-08-2017,4744.00
01-09-2017,4948.00
02-09-2017,4650.00
03-09-2017,4626.00
04-09-2017,4498.00
05-09-2017,4433.00
06-09-2017,4616.00
07-09-2017,4624.00
08-09-2017,4350.00
09-09-2017,4334.00
10-09-2017,4251.00
11-09-2017,4211.00
12-09-2017,4165.00
13-09-2017,3855.00
14-09-2017,3250.00
15-09-2017,3740.00
16-09-2017,3727.00
17-09-2017,3720.00
18-09-2017,4100.00
19-09-2017,3910.00
20-09-2017,3872.00
21-09-2017,3617.00
22-09-2017,3619.00
23-09-2017,3787.00
24-09-2017,3669.00
25-09-2017,3920.00
26-09-2017,3885.00
27-09-2017,4200.00
28-09-2017,4189.00
29-09-2017,4157.00
30-09-2017,4339.00
01-10-2017,4395.00
02-10-2017,4393.00
03-10-2017,4308.00
04-10-2017,4215.00
05-10-2017,4320.00
06-10-2017,4363.00
07-10-2017,4425.00
08-10-2017,4603.00
09-10-2017,4770.00
10-10-2017,4750.00
11-10-2017,4815.00
12-10-2017,5440.00
13-10-2017,5625.00
14-10-2017,5819.00
15-10-2017,5694.00
16-10-2017,5755.00
17-10-2017,5594.00
18-10-2017,5574.00
19-10-2017,5704.00
20-10-2017,5989.00
21-10-2017,6025.00
22-10-2017,6005.00
23-10-2017,5906.00
24-10-2017,5525.00
25-10-2017,5740.00
26-10-2017,5892.00
27-10-2017,5780.00
28-10-2017,5752.00
29-10-2017,6140.00
30-10-2017,6124.00
31-10-2017,6445.00
01-11-2017,6784.00
02-11-2017,7040.00
03-11-2017,7170.00
04-11-2017,7413.00
05-11-2017,7392.00
06-11-2017,6970.00
07-11-2017,7127.00
08-11-2017,7468.00
09-11-2017,7156.00
10-11-2017,6578.00
11-11-2017,6347.00
12-11-2017,5886.00
13-11-2017,6536.00
14-11-2017,6605.00
15-11-2017,7294.00
16-11-2017,7839.00
17-11-2017,7715.00
18-11-2017,7777.00
19-11-2017,8032.00
20-11-2017,8256.00
21-11-2017,8109.00
22-11-2017,8250.00
23-11-2017,8031.00
24-11-2017,8215.00
25-11-2017,8796.00
26-11-2017,9401.00
27-11-2017,9769.00
28-11-2017,9949.00
29-11-2017,9936.00
30-11-2017,9903.00
01-12-2017,10870.00
02-12-2017,10930.00
03-12-2017,11290.00
04-12-2017,11644.00
05-12-2017,11718.00
06-12-2017,14090.00
07-12-2017,17390.00
08-12-2017,16367.00
09-12-2017,15310.00
10-12-2017,15290.00
11-12-2017,16886.00
12-12-2017,17730.00
13-12-2017,16690.00
14-12-2017,16750.00
15-12-2017,17739.00
16-12-2017,19650.00
17-12-2017,19379.00
18-12-2017,19039.00
19-12-2017,17839.00
20-12-2017,16497.00
21-12-2017,15759.00
22-12-2017,14211.00
23-12-2017,15076.00
24-12-2017,14222.00
25-12-2017,14172.00
26-12-2017,15791.00
27-12-2017,15367.00
28-12-2017,14450.00
29-12-2017,14565.00
30-12-2017,12840.00
31-12-2017,13863.00
01-01-2018,13480.00
02-01-2018,14782.00
03-01-2018,15098.00
04-01-2018,15145.00
05-01-2018,16960.00
06-01-2018,17099.00
07-01-2018,16174.00
08-01-2018,14994.00
09-01-2018,14481.00
10-01-2018,14875.00
11-01-2018,13308.00
12-01-2018,13820.00
13-01-2018,14188.00
14-01-2018,13656.00
15-01-2018,13590.00
16-01-2018,11570.00
17-01-2018,11200.00
18-01-2018,11306.00
19-01-2018,11499.00
20-01-2018,12763.00
21-01-2018,11518.00
22-01-2018,10767.00
23-01-2018,10825.00
24-01-2018,11357.00
25-01-2018,11118.00
26-01-2018,11087.00
27-01-2018,11319.00
28-01-2018,11536.00
29-01-2018,11123.00
30-01-2018,9995.00
31-01-2018,10100.00
01-02-2018,9014.00
02-02-2018,8788.00
03-02-2018,9240.00
04-02-2018,8168.00
05-02-2018,6905.00
06-02-2018,7688.00
07-02-2018,7576.00
08-02-2018,8218.00
09-02-2018,8671.00
10-02-2018,8547.00
11-02-2018,8073.00
12-02-2018,8872.00
13-02-2018,8520.00
14-02-2018,9473.00
15-02-2018,10031.00
16-02-2018,10167.00
17-02-2018,11122.00
18-02-2018,10380.00
19-02-2018,11140.00
20-02-2018,11236.00
21-02-2018,10454.00
22-02-2018,9830.00
23-02-2018,10145.00
24-02-2018,9689.00
25-02-2018,9598.00
26-02-2018,10300.00
27-02-2018,10567.00
28-02-2018,10307.00
01-03-2018,10896.00
02-03-2018,11000.00
03-03-2018,11433.00
04-03-2018,11470.00
05-03-2018,11378.00
06-03-2018,10700.00
07-03-2018,9920.00
08-03-2018,9305.00
09-03-2018,9255.00
10-03-2018,8795.00
11-03-2018,9534.00
12-03-2018,9120.00
13-03-2018,9145.00
14-03-2018,8207.00
15-03-2018,8260.00
16-03-2018,8275.00
17-03-2018,7865.00
18-03-2018,8192.00
19-03-2018,8589.00
20-03-2018,8900.00
21-03-2018,8892.00
22-03-2018,8715.00
23-03-2018,8927.00
24-03-2018,8531.00
25-03-2018,8453.00
26-03-2018,8145.00
27-03-2018,7794.00
28-03-2018,7943.00
29-03-2018,7080.00
30-03-2018,6848.00
31-03-2018,6929.00
01-04-2018,6816.00
02-04-2018,7045.00
03-04-2018,7425.00
04-04-2018,6792.00
05-04-2018,6786.00
06-04-2018,6619.00
07-04-2018,6894.00
08-04-2018,7020.00
09-04-2018,6771.00
10-04-2018,6825.00
11-04-2018,6943.00
12-04-2018,7916.00
13-04-2018,7893.00
14-04-2018,8003.00
15-04-2018,8355.00
16-04-2018,8049.00
17-04-2018,7892.00
18-04-2018,8152.00
19-04-2018,8274.00
20-04-2018,8866.00
21-04-2018,8915.00
22-04-2018,8795.00
23-04-2018,8931.00
24-04-2018,9650.00
25-04-2018,8866.00
26-04-2018,9272.00
27-04-2018,8923.00
28-04-2018,9330.00
29-04-2018,9389.00
30-04-2018,9244.00
01-05-2018,9072.00
02-05-2018,9190.00
03-05-2018,9726.00
04-05-2018,9685.00
05-05-2018,9800.00
06-05-2018,9600.00
07-05-2018,9356.00
08-05-2018,9178.00
09-05-2018,9300.00
10-05-2018,9011.00
11-05-2018,8403.00
12-05-2018,8475.00
13-05-2018,8686.00
14-05-2018,8670.00
15-05-2018,8477.00
16-05-2018,8344.00
17-05-2018,8059.00
18-05-2018,8239.00
19-05-2018,8236.00
20-05-2018,8517.00
21-05-2018,8393.00
22-05-2018,7988.00
23-05-2018,7505.00
24-05-2018,7584.00
25-05-2018,7459.00
26-05-2018,7338.00
27-05-2018,7347.00
28-05-2018,7108.00
29-05-2018,7460.00
30-05-2018,7380.00
31-05-2018,7485.00
01-06-2018,7514.00
02-06-2018,7636.00
03-06-2018,7706.00
04-06-2018,7487.00
05-06-2018,7613.00
06-06-2018,7655.00
07-06-2018,7685.00
08-06-2018,7619.00
09-06-2018,7496.00
10-06-2018,6770.00
11-06-2018,6881.00
12-06-2018,6545.00
13-06-2018,6302.00
14-06-2018,6638.00
15-06-2018,6391.00
16-06-2018,6484.00
17-06-2018,6447.00
18-06-2018,6709.00
19-06-2018,6736.00
20-06-2018,6756.00
21-06-2018,6719.00
22-06-2018,6060.00
23-06-2018,6178.00
24-06-2018,6150.00
25-06-2018,6246.00
26-06-2018,6074.00
27-06-2018,6132.00
28-06-2018,5852.00
29-06-2018,6202.00
30-06-2018,6383.00
01-07-2018,6350.00
02-07-2018,6612.00
03-07-2018,6503.00
04-07-2018,6587.00
05-07-2018,6533.00
06-07-2018,6600.00
07-07-2018,6753.00
08-07-2018,6702.00
09-07-2018,6664.00
10-07-2018,6304.00
11-07-2018,6390.00
12-07-2018,6250.00
13-07-2018,6216.00
14-07-2018,6249.00
15-07-2018,6349.00
16-07-2018,6729.00
17-07-2018,7315.00
18-07-2018,7379.00
19-07-2018,7470.00
20-07-2018,7334.00
21-07-2018,7408.00
22-07-2018,7398.00
23-07-2018,7720.00
24-07-2018,8386.00
25-07-2018,8157.00
26-07-2018,7932.00
27-07-2018,8184.00
28-07-2018,8229.00
29-07-2018,8216.00
30-07-2018,8170.00
31-07-2018,7727.00
01-08-2018,7604.00
02-08-2018,7534.00
03-08-2018,7414.00
04-08-2018,7005.00
05-08-2018,7030.00
06-08-2018,6938.00
07-08-2018,6718.00
08-08-2018,6283.00
09-08-2018,6546.00
10-08-2018,6146.00
11-08-2018,6236.00
12-08-2018,6316.00
13-08-2018,6254.00
14-08-2018,6195.00
15-08-2018,6269.00
16-08-2018,6316.00
17-08-2018,6585.00
18-08-2018,6397.00
19-08-2018,6490.00
20-08-2018,6259.00
21-08-2018,6476.00
22-08-2018,6360.00
23-08-2018,6526.00
24-08-2018,6691.00
25-08-2018,6738.00
26-08-2018,6710.00
27-08-2018,6912.00
28-08-2018,7071.00
29-08-2018,7031.00
30-08-2018,6983.00
31-08-2018,7015.00
01-09-2018,7191.00
02-09-2018,7295.00
03-09-2018,7257.00
04-09-2018,7360.00
05-09-2018,6688.00
06-09-2018,6495.00
07-09-2018,6395.00
08-09-2018,6188.00
09-09-2018,6235.00
10-09-2018,6300.00
11-09-2018,6283.00
12-09-2018,6326.00
13-09-2018,6486.00
14-09-2018,6478.00
15-09-2018,6519.00
16-09-2018,6498.00
17-09-2018,6251.00
18-09-2018,6336.00
19-09-2018,6387.00
20-09-2018,6493.00
21-09-2018,6750.00
22-09-2018,6707.00
23-09-2018,6697.00
24-09-2018,6582.00
25-09-2018,6437.00
26-09-2018,6456.00
27-09-2018,6680.00
28-09-2018,6620.00
29-09-2018,6581.00
30-09-2018,6605.00
01-10-2018,6573.00
02-10-2018,6498.00
03-10-2018,6466.00
04-10-2018,6547.00
05-10-2018,6594.00
06-10-2018,6552.00
07-10-2018,6570.00
08-10-2018,6608.00
09-10-2018,6589.00
10-10-2018,6525.00
11-10-2018,6155.00
12-10-2018,6188.00
13-10-2018,6196.00
14-10-2018,6183.00
15-10-2018,6440.00
16-10-2018,6457.00
17-10-2018,6444.00
18-10-2018,6395.00
19-10-2018,6383.00
20-10-2018,6414.00
21-10-2018,6416.00
22-10-2018,6408.00
23-10-2018,6395.00
24-10-2018,6416.00
25-10-2018,6396.00
26-10-2018,6405.00
27-10-2018,6409.00
28-10-2018,6404.00
29-10-2018,6266.00
30-10-2018,6268.00
31-10-2018,6304.00
01-11-2018,6344.00
02-11-2018,6350.00
03-11-2018,6332.00
04-11-2018,6423.00
05-11-2018,6404.00
06-11-2018,6449.00
07-11-2018,6503.00
08-11-2018,6406.00
09-11-2018,6335.00
10-11-2018,6347.00
11-11-2018,6358.00
12-11-2018,6328.00
13-11-2018,6259.00
14-11-2018,5605.00
15-11-2018,5580.00
16-11-2018,5512.00
17-11-2018,5504.00
18-11-2018,5560.00
19-11-2018,4734.00
20-11-2018,4349.00
21-11-2018,4545.00
22-11-2018,4265.00
23-11-2018,4284.00
24-11-2018,3775.00
25-11-2018,3937.00
26-11-2018,3731.00
27-11-2018,3775.00
28-11-2018,4225.00
29-11-2018,4248.00
30-11-2018,3976.00
01-12-2018,4142.00
02-12-2018,4103.00
03-12-2018,3833.00
04-12-2018,3902.00
05-12-2018,3694.00
06-12-2018,3433.00
07-12-2018,3380.00
08-12-2018,3401.00
09-12-2018,3531.00
10-12-2018,3410.00
11-12-2018,3349.00
12-12-2018,3430.00
13-12-2018,3265.00
14-12-2018,3196.00
15-12-2018,3183.00
16-12-2018,3195.00
17-12-2018,3497.00
18-12-2018,3668.00
19-12-2018,3683.00
20-12-2018,4075.00
21-12-2018,3839.00
22-12-2018,3980.00
23-12-2018,3945.00
24-12-2018,4034.00
25-12-2018,3780.00
26-12-2018,3810.00
27-12-2018,3590.00
28-12-2018,3888.00
29-12-2018,3729.00
30-12-2018,3829.00
31-12-2018,3692.00
01-01-2019,3826.00
02-01-2019,3891.00
03-01-2019,3788.00
04-01-2019,3820.00
05-01-2019,3799.00
06-01-2019,4041.00
07-01-2019,4006.00
08-01-2019,3994.00
09-01-2019,4004.00
10-01-2019,3626.00
11-01-2019,3636.00
12-01-2019,3619.00
13-01-2019,3514.00
14-01-2019,3664.00
15-01-2019,3581.00
16-01-2019,3610.00
17-01-2019,3641.00
18-01-2019,3608.00
19-01-2019,3683.00
20-01-2019,3536.00
21-01-2019,3532.00
22-01-2019,3577.00
23-01-2019,3553.00
24-01-2019,3569.00
25-01-2019,3562.00
26-01-2019,3556.00
27-01-2019,3531.00
28-01-2019,3430.00
29-01-2019,3397.00
30-01-2019,3438.00
31-01-2019,3412.00
01-02-2019,3438.00
02-02-2019,3468.00
03-02-2019,3415.00
04-02-2019,3410.00
05-02-2019,3428.00
06-02-2019,3367.00
07-02-2019,3359.00
08-02-2019,3622.00
09-02-2019,3624.00
10-02-2019,3649.00
11-02-2019,3590.00
12-02-2019,3588.00
13-02-2019,3577.00
14-02-2019,3562.00
15-02-2019,3567.00
16-02-2019,3582.00
17-02-2019,3625.00
18-02-2019,3867.00
19-02-2019,3888.00
20-02-2019,3939.00
21-02-2019,3898.00
22-02-2019,3942.00
23-02-2019,4110.00
24-02-2019,3734.00
25-02-2019,3819.00
26-02-2019,3799.00
27-02-2019,3800.00
28-02-2019,3792.00
01-03-2019,3806.00
02-03-2019,3810.00
03-03-2019,3787.00
04-03-2019,3701.00
05-03-2019,3845.00
06-03-2019,3852.00
07-03-2019,3857.00
08-03-2019,3843.00
09-03-2019,3917.00
10-03-2019,3901.00
11-03-2019,3850.00
12-03-2019,3860.00
13-03-2019,3851.00
14-03-2019,3854.00
15-03-2019,3903.00
16-03-2019,3990.00
17-03-2019,3967.00
18-03-2019,3971.00
19-03-2019,4001.00
20-03-2019,4032.00
21-03-2019,3973.00
22-03-2019,3984.00
23-03-2019,3983.00
24-03-2019,3970.00
25-03-2019,3908.00
26-03-2019,3921.00
27-03-2019,4027.00
28-03-2019,4011.00
29-03-2019,4091.00
30-03-2019,4094.00
31-03-2019,4095.00
01-04-2019,4137.00
02-04-2019,4902.00
03-04-2019,4976.00
04-04-2019,4906.00
05-04-2019,5041.00
06-04-2019,5049.00
07-04-2019,5195.00
08-04-2019,5286.00
09-04-2019,5187.00
10-04-2019,5319.00
11-04-2019,5041.00
12-04-2019,5078.00
13-04-2019,5066.00
14-04-2019,5164.00
15-04-2019,5030.00
16-04-2019,5203.00
17-04-2019,5227.00
18-04-2019,5280.00
19-04-2019,5290.00
20-04-2019,5320.00
21-04-2019,5298.00
22-04-2019,5388.00
23-04-2019,5533.00
24-04-2019,5442.00
25-04-2019,5135.00
26-04-2019,5160.00
27-04-2019,5171.00
28-04-2019,5155.00
29-04-2019,5148.00
30-04-2019,5271.00
01-05-2019,5321.00
02-05-2019,5390.00
03-05-2019,5657.00
04-05-2019,5770.00
05-05-2019,5716.00
06-05-2019,5688.00
07-05-2019,5748.00
08-05-2019,5948.00
09-05-2019,6153.00
10-05-2019,6343.00
11-05-2019,7220.00
12-05-2019,6980.00
13-05-2019,7825.00
14-05-2019,7991.00
15-05-2019,8203.00
16-05-2019,7879.00
17-05-2019,7364.00
18-05-2019,7262.00
19-05-2019,8200.00
20-05-2019,8000.00
21-05-2019,7952.00
22-05-2019,7626.00
23-05-2019,7882.00
24-05-2019,7995.00
25-05-2019,8067.00
26-05-2019,8760.00
27-05-2019,8783.00
28-05-2019,8687.00
29-05-2019,8661.00
30-05-2019,8274.00
31-05-2019,8550.00
01-06-2019,8558.00
02-06-2019,8741.00
03-06-2019,8015.00
04-06-2019,7688.00
05-06-2019,7767.00
06-06-2019,7812.00
07-06-2019,7992.00
08-06-2019,7939.00
09-06-2019,7624.00
10-06-2019,8046.00
11-06-2019,7918.00
12-06-2019,8169.00
13-06-2019,8256.00
14-06-2019,8694.00
15-06-2019,8861.00
16-06-2019,8997.00
17-06-2019,9346.00
18-06-2019,9090.00
19-06-2019,9284.00
20-06-2019,9543.00
21-06-2019,10176.00
22-06-2019,10658.00
23-06-2019,10809.00
24-06-2019,11040.00
25-06-2019,11737.00
26-06-2019,12903.00
27-06-2019,11127.00
28-06-2019,12318.00
29-06-2019,11914.00
30-06-2019,10779.00
01-07-2019,10571.00
02-07-2019,10885.00
03-07-2019,12023.00
04-07-2019,11131.00
05-07-2019,11039.00
06-07-2019,11188.00
07-07-2019,11479.00
08-07-2019,12298.00
09-07-2019,12559.00
10-07-2019,12083.00
11-07-2019,11324.00
12-07-2019,11812.00
13-07-2019,11408.00
14-07-2019,10190.00
15-07-2019,10856.00
16-07-2019,9436.00
17-07-2019,9709.00
18-07-2019,10654.00
19-07-2019,10548.00
20-07-2019,10755.00
21-07-2019,10634.00
22-07-2019,10305.00
23-07-2019,9833.00
24-07-2019,9751.00
25-07-2019,9881.00
26-07-2019,9842.00
27-07-2019,9469.00
28-07-2019,9550.00
29-07-2019,9503.00
30-07-2019,9580.00
31-07-2019,10099.00
01-08-2019,10417.00
02-08-2019,10533.00
03-08-2019,10821.00
04-08-2019,10998.00
05-08-2019,11775.00
06-08-2019,11440.00
07-08-2019,12014.00
08-08-2019,12018.00
09-08-2019,11889.00
10-08-2019,11284.00
11-08-2019,11532.00
12-08-2019,11387.00
13-08-2019,10856.00
14-08-2019,10105.00
15-08-2019,10281.00
16-08-2019,10369.00
17-08-2019,10218.00
18-08-2019,10309.00
19-08-2019,10936.00
20-08-2019,10771.00
21-08-2019,10138.00
22-08-2019,10089.00
23-08-2019,10415.00
24-08-2019,10156.00
25-08-2019,10149.00
26-08-2019,10374.00
27-08-2019,10170.00
28-08-2019,9710.00
29-08-2019,9525.00
30-08-2019,9581.00
31-08-2019,9594.00
01-09-2019,9770.00
02-09-2019,10405.00
03-09-2019,10628.00
04-09-2019,10586.00
05-09-2019,10574.00
06-09-2019,10319.00
07-09-2019,10485.00
08-09-2019,10395.00
09-09-2019,10310.00
10-09-2019,10090.00
11-09-2019,10169.00
12-09-2019,10437.00
13-09-2019,10382.00
14-09-2019,10360.00
15-09-2019,10307.00
16-09-2019,10269.00
17-09-2019,10185.00
18-09-2019,10155.00
19-09-2019,10305.00
20-09-2019,10168.00
21-09-2019,9982.00
22-09-2019,10035.00
23-09-2019,9684.00
24-09-2019,8556.00
25-09-2019,8447.00
26-09-2019,8063.00
27-09-2019,8194.00
28-09-2019,8228.00
29-09-2019,8063.00
30-09-2019,8305.00
01-10-2019,8323.00
02-10-2019,8396.00
03-10-2019,8241.00
04-10-2019,8160.00
05-10-2019,8153.00
06-10-2019,7863.00
07-10-2019,8225.00
08-10-2019,8187.00
09-10-2019,8600.00
10-10-2019,8589.00
11-10-2019,8264.00
12-10-2019,8304.00
13-10-2019,8280.00
14-10-2019,8363.00
15-10-2019,8157.00
16-10-2019,7993.00
17-10-2019,8077.00
18-10-2019,7954.00
19-10-2019,7965.00
20-10-2019,8235.00
21-10-2019,8215.00
22-10-2019,8008.00
23-10-2019,7473.00
24-10-2019,7439.00
25-10-2019,8705.00
26-10-2019,9281.00
27-10-2019,9571.00
28-10-2019,9222.00
29-10-2019,9431.00
30-10-2019,9176.00
31-10-2019,9147.00
01-11-2019,9268.00
02-11-2019,9320.00
03-11-2019,9215.00
04-11-2019,9414.00
05-11-2019,9315.00
06-11-2019,9343.00
07-11-2019,9197.00
08-11-2019,8759.00
09-11-2019,8798.00
10-11-2019,9037.00
11-11-2019,8721.00
12-11-2019,8824.00
13-11-2019,8766.00
14-11-2019,8630.00
15-11-2019,8460.00
16-11-2019,8488.00
17-11-2019,8500.00
18-11-2019,8161.00
19-11-2019,8123.00
20-11-2019,8083.00
21-11-2019,7619.00
22-11-2019,7296.00
23-11-2019,7339.00
24-11-2019,6906.00
25-11-2019,7125.00
26-11-2019,7155.00
27-11-2019,7539.00
28-11-2019,7413.00
29-11-2019,7751.00
30-11-2019,7552.00
01-12-2019,7414.00
02-12-2019,7315.00
03-12-2019,7296.00
04-12-2019,7186.00
05-12-2019,7389.00
06-12-2019,7561.00
07-12-2019,7502.00
08-12-2019,7520.00
09-12-2019,7333.00
10-12-2019,7216.00
11-12-2019,7275.00
12-12-2019,7194.00
13-12-2019,7249.00
14-12-2019,7060.00
15-12-2019,7111.00
16-12-2019,6877.00
17-12-2019,6619.00
18-12-2019,7309.00
19-12-2019,7154.00
20-12-2019,7190.00
21-12-2019,7143.00
22-12-2019,7550.00
23-12-2019,7318.00
24-12-2019,7260.00
25-12-2019,7195.00
26-12-2019,7195.00
27-12-2019,7247.00
28-12-2019,7304.00
29-12-2019,7379.00
30-12-2019,7191.00
31-12-2019,7158.00
01-01-2020,7174.00
02-01-2020,6945.00
03-01-2020,7336.00
04-01-2020,7354.00
05-01-2020,7349.00
06-01-2020,7773.00
07-01-2020,8170.00
08-01-2020,8035.00
09-01-2020,7814.00
10-01-2020,8184.00
11-01-2020,8003.00
12-01-2020,8193.00
13-01-2020,8110.00
14-01-2020,8757.00
15-01-2020,8832.00
16-01-2020,8727.00
17-01-2020,8876.00
18-01-2020,8901.00
19-01-2020,8710.00
20-01-2020,8634.00
21-01-2020,8730.00
22-01-2020,8665.00
23-01-2020,8387.00
24-01-2020,8425.00
25-01-2020,8304.00
26-01-2020,8633.00
27-01-2020,8903.00
28-01-2020,9418.00
29-01-2020,9270.00
30-01-2020,9494.00
31-01-2020,9343.00
01-02-2020,9375.00
02-02-2020,9314.00
03-02-2020,9282.00
04-02-2020,9159.00
05-02-2020,9623.00
06-02-2020,9766.00
07-02-2020,9805.00
08-02-2020,9911.00
09-02-2020,10175.00
10-02-2020,9855.00
11-02-2020,10280.00
12-02-2020,10344.00
13-02-2020,10240.00
14-02-2020,10380.00
15-02-2020,9901.00
16-02-2020,9915.00
17-02-2020,9712.00
18-02-2020,10192.00
19-02-2020,9592.00
20-02-2020,9610.00
21-02-2020,9697.00
22-02-2020,9668.00
23-02-2020,9964.00
24-02-2020,9668.00
25-02-2020,9301.00
26-02-2020,8776.00
27-02-2020,8817.00
28-02-2020,8713.00
29-02-2020,8552.00
01-03-2020,8490.00
02-03-2020,8924.00
03-03-2020,8770.00
04-03-2020,8765.00
05-03-2020,9054.00
06-03-2020,9163.00
07-03-2020,8886.00
08-03-2020,8068.00
09-03-2020,7945.00
10-03-2020,7887.00
11-03-2020,7957.00
12-03-2020,4980.00
13-03-2020,5593.00
14-03-2020,5183.00
15-03-2020,5327.00
16-03-2020,5074.00
17-03-2020,5362.00
18-03-2020,5427.00
19-03-2020,6220.00
20-03-2020,6215.00
21-03-2020,6169.00
22-03-2020,5792.00
23-03-2020,6583.00
24-03-2020,6742.00
25-03-2020,6753.00
26-03-2020,6772.00
27-03-2020,6320.00
28-03-2020,6270.00
29-03-2020,5898.00
30-03-2020,6401.00
31-03-2020,6435.00
01-04-2020,6719.00
02-04-2020,6790.00
03-04-2020,6728.00
04-04-2020,6897.00
05-04-2020,6780.00
06-04-2020,7320.00
07-04-2020,7205.00
08-04-2020,7344.00
09-04-2020,7295.00
10-04-2020,6893.00
11-04-2020,6891.00
12-04-2020,6861.00
13-04-2020,6871.00
14-04-2020,6866.00
15-04-2020,6577.00
16-04-2020,7123.00
17-04-2020,7055.00
18-04-2020,7272.00
19-04-2020,7125.00
20-04-2020,6833.00
21-04-2020,6845.00
22-04-2020,7144.00
23-04-2020,7479.00
24-04-2020,7515.00
25-04-2020,7536.00
26-04-2020,7766.00
27-04-2020,7773.00
28-04-2020,7774.00
29-04-2020,8789.00
30-04-2020,8652.00
01-05-2020,8814.00
02-05-2020,8992.00
03-05-2020,8918.00
04-05-2020,8900.00
05-05-2020,9038.00
06-05-2020,9132.00
07-05-2020,10008.00
08-05-2020,9790.00
09-05-2020,9555.00
10-05-2020,8774.00
11-05-2020,8557.00
12-05-2020,8809.00
13-05-2020,9336.00
14-05-2020,9815.00
15-05-2020,9331.00
16-05-2020,9353.00
17-05-2020,9700.00
18-05-2020,9733.00
19-05-2020,9784.00
20-05-2020,9498.00
21-05-2020,9039.00
22-05-2020,9173.00
23-05-2020,9166.00
24-05-2020,8674.00
25-05-2020,8892.00
26-05-2020,8837.00
27-05-2020,9200.00
28-05-2020,9594.00
29-05-2020,9427.00
30-05-2020,9685.00
31-05-2020,9436.00
01-06-2020,10212.00
02-06-2020,9509.00
03-06-2020,9673.00
04-06-2020,9800.00
05-06-2020,9569.00
06-06-2020,9665.00
07-06-2020,9764.00
08-06-2020,9834.00
09-06-2020,9779.00
10-06-2020,9899.00
11-06-2020,9259.00
12-06-2020,9467.00
13-06-2020,9477.00
14-06-2020,9316.00
15-06-2020,9437.00
16-06-2020,9535.00
17-06-2020,9461.00
18-06-2020,9368.00
19-06-2020,9286.00
20-06-2020,9362.00
21-06-2020,9280.00
22-06-2020,9701.00
23-06-2020,9624.00
24-06-2020,9284.00
25-06-2020,9233.00
26-06-2020,9157.00
27-06-2020,9001.00
28-06-2020,9123.00
29-06-2020,9191.00
30-06-2020,9129.00
01-07-2020,9239.00
02-07-2020,9089.00
03-07-2020,9050.00
04-07-2020,9138.00
05-07-2020,9089.00
06-07-2020,9332.00
07-07-2020,9264.00
08-07-2020,9436.00
09-07-2020,9230.00
10-07-2020,9298.00
11-07-2020,9235.00
12-07-2020,9314.00
13-07-2020,9230.00
14-07-2020,9258.00
15-07-2020,9195.00
16-07-2020,9131.00
17-07-2020,9148.00
18-07-2020,9175.00
19-07-2020,9222.00
20-07-2020,9161.00
21-07-2020,9397.00
22-07-2020,9546.00
23-07-2020,9612.00
24-07-2020,9553.00
25-07-2020,9709.00
26-07-2020,9945.00
27-07-2020,11108.00
28-07-2020,10953.00
29-07-2020,11100.00
30-07-2020,11140.00
31-07-2020,11373.00
01-08-2020,11806.00
02-08-2020,11050.00
03-08-2020,11235.00
04-08-2020,11198.00
05-08-2020,11738.00
06-08-2020,11767.00
07-08-2020,11599.00
08-08-2020,11780.00
09-08-2020,11693.00
10-08-2020,11896.00
11-08-2020,11387.00
12-08-2020,11563.00
13-08-2020,11825.00
14-08-2020,11785.00
15-08-2020,11854.00
16-08-2020,11924.00
17-08-2020,12325.00
18-08-2020,11984.00
19-08-2020,11765.00
20-08-2020,11856.00
21-08-2020,11526.00
22-08-2020,11676.00
23-08-2020,11650.00
24-08-2020,11762.00
25-08-2020,11325.00
26-08-2020,11460.00
27-08-2020,11342.00
28-08-2020,11540.00
29-08-2020,11469.00
30-08-2020,11725.00
31-08-2020,11666.00
01-09-2020,11912.00
02-09-2020,11390.00
03-09-2020,10226.00
04-09-2020,.
05-09-2020,10153.00
06-09-2020,10255.00
07-09-2020,10390.00
08-09-2020,10123.00
09-09-2020,10235.00
10-09-2020,10346.00
11-09-2020,10400.00
12-09-2020,10444.00
13-09-2020,10336.00
14-09-2020,10679.00
15-09-2020,10790.00
16-09-2020,10953.00
17-09-2020,10948.00
18-09-2020,10942.00
19-09-2020,11075.00
20-09-2020,10912.00
21-09-2020,10426.00
22-09-2020,10529.00
23-09-2020,10230.00
24-09-2020,10741.00
25-09-2020,10693.00
26-09-2020,10730.00
27-09-2020,10792.00
28-09-2020,10681.00
29-09-2020,10846.00
30-09-2020,10783.00
01-10-2020,10599.00
02-10-2020,10578.00
03-10-2020,10545.00
04-10-2020,10662.00
05-10-2020,10800.00
06-10-2020,10594.00
07-10-2020,10671.00
08-10-2020,10927.00
09-10-2020,11059.00
10-10-2020,11304.00
11-10-2020,11370.00
12-10-2020,11535.00
13-10-2020,11434.00
14-10-2020,11427.00
15-10-2020,11509.00
16-10-2020,11329.00
17-10-2020,11366.00
18-10-2020,11517.00
19-10-2020,11765.00
20-10-2020,11917.00
21-10-2020,12836.00
22-10-2020,12977.00
23-10-2020,12943.00
24-10-2020,13121.00
25-10-2020,13050.00
26-10-2020,13073.00
27-10-2020,13698.00
28-10-2020,13280.00
29-10-2020,13460.00
30-10-2020,13583.00
31-10-2020,13745.00
01-11-2020,13785.00
02-11-2020,13574.00
03-11-2020,14051.00
04-11-2020,14160.00
05-11-2020,15637.00
06-11-2020,15596.00
07-11-2020,14815.00
08-11-2020,15488.00
09-11-2020,15334.00
10-11-2020,15325.00
11-11-2020,15724.00
12-11-2020,16320.00
13-11-2020,16340.00
14-11-2020,16093.00
15-11-2020,15947.00
16-11-2020,16715.00
17-11-2020,17661.00
18-11-2020,17803.00
19-11-2020,17804.00
20-11-2020,18703.00
21-11-2020,18710.00
22-11-2020,18477.00
23-11-2020,18391.00
24-11-2020,19185.00
25-11-2020,18706.00
26-11-2020,17173.00
27-11-2020,17157.00
28-11-2020,17718.00
29-11-2020,18239.00
30-11-2020,19727.00
01-12-2020,18763.00
02-12-2020,19246.00
03-12-2020,19430.00
04-12-2020,18692.00
05-12-2020,19157.00
06-12-2020,19397.00
07-12-2020,19203.00
08-12-2020,18312.00
09-12-2020,18550.00
10-12-2020,18287.00
11-12-2020,18048.00
12-12-2020,18826.00
13-12-2020,19133.00
14-12-2020,19288.00
15-12-2020,19451.00
16-12-2020,21385.00
17-12-2020,22830.00
18-12-2020,23169.00
19-12-2020,23815.00
20-12-2020,23452.00
21-12-2020,22777.00
22-12-2020,23840.00
23-12-2020,23197.00
24-12-2020,23740.00
25-12-2020,24736.00
26-12-2020,26519.00
27-12-2020,26320.00
28-12-2020,27044.00
29-12-2020,27408.00
30-12-2020,28935.00
31-12-2020,29027.00
01-01-2021,29391.00
02-01-2021,32245.00
03-01-2021,33134.00
04-01-2021,32127.00
05-01-2021,34131.00
06-01-2021,36980.00
07-01-2021,39573.00
08-01-2021,40667.00
09-01-2021,40346.00
10-01-2021,38242.00
11-01-2021,35474.00
12-01-2021,33968.00
13-01-2021,37521.00
14-01-2021,39171.00
15-01-2021,36868.00
16-01-2021,35869.00
17-01-2021,35931.00
18-01-2021,36766.00
19-01-2021,35673.00
20-01-2021,35570.00
21-01-2021,30647.00
22-01-2021,32886.00
23-01-2021,32021.00
24-01-2021,32250.00
25-01-2021,31979.00
26-01-2021,32580.00
27-01-2021,30552.00
28-01-2021,33485.00
29-01-2021,34330.00
30-01-2021,34229.00
31-01-2021,33076.00
01-02-2021,33458.00
02-02-2021,35511.00
03-02-2021,37769.00
04-02-2021,37071.00
05-02-2021,38377.00
06-02-2021,38996.00
07-02-2021,38889.00
08-02-2021,46674.00
09-02-2021,46595.00
10-02-2021,44887.00
11-02-2021,48121.00
12-02-2021,47524.00
13-02-2021,47274.00
14-02-2021,48703.00
15-02-2021,47912.00
16-02-2021,49257.00
17-02-2021,52270.00
18-02-2021,51644.00
19-02-2021,56030.00
20-02-2021,55960.00
21-02-2021,57538.00
22-02-2021,54130.00
23-02-2021,48972.00
24-02-2021,49790.00
25-02-2021,46928.00
26-02-2021,46360.00
27-02-2021,45974.00
28-02-2021,45352.00
01-03-2021,49652.00
02-03-2021,48368.00
03-03-2021,50165.00
04-03-2021,48327.00
05-03-2021,48908.00
06-03-2021,48987.00
07-03-2021,50858.00
08-03-2021,52473.00
09-03-2021,55000.00
10-03-2021,56046.00
11-03-2021,57911.00
12-03-2021,57175.00
13-03-2021,61130.00
14-03-2021,59193.00
15-03-2021,55430.00
16-03-2021,57127.00
17-03-2021,59221.00
18-03-2021,57562.00
19-03-2021,58001.00
20-03-2021,58051.00
21-03-2021,57402.00
22-03-2021,54230.00
23-03-2021,54269.00
24-03-2021,52295.00
25-03-2021,51386.00
26-03-2021,55314.00
27-03-2021,55932.00
28-03-2021,55822.00
29-03-2021,57631.00
30-03-2021,58800.00
31-03-2021,58838.00
01-04-2021,58769.00
02-04-2021,59020.00
03-04-2021,56731.00
04-04-2021,58266.00
05-04-2021,59200.00
06-04-2021,58018.00
07-04-2021,55962.00
08-04-2021,58109.00
09-04-2021,58126.00
10-04-2021,60039.00
11-04-2021,60133.00
12-04-2021,59903.00
13-04-2021,63661.00
14-04-2021,63283.00
15-04-2021,63347.00
16-04-2021,61486.00
17-04-2021,60199.00
18-04-2021,56351.00
19-04-2021,55797.00
20-04-2021,56515.00
21-04-2021,53919.00
22-04-2021,51653.00
23-04-2021,51232.00
24-04-2021,50168.00
25-04-2021,49272.00
26-04-2021,53970.00
27-04-2021,55121.00
28-04-2021,54964.00
29-04-2021,53563.00
30-04-2021,57640.00
01-05-2021,57869.00
02-05-2021,56632.00
03-05-2021,57213.00
04-05-2021,53129.00
05-05-2021,57518.00
06-05-2021,56486.00
07-05-2021,57374.00
08-05-2021,59045.00
09-05-2021,58410.00
10-05-2021,55937.00
11-05-2021,56719.00
12-05-2021,49096.00
13-05-2021,49635.00
14-05-2021,49924.00
15-05-2021,46985.00
16-05-2021,46523.00
17-05-2021,43769.00
18-05-2021,42990.00
19-05-2021,37237.00
20-05-2021,40750.00
21-05-2021,37425.00
22-05-2021,37383.00
23-05-2021,34927.00
24-05-2021,38725.00
25-05-2021,38370.00
26-05-2021,39213.00
27-05-2021,38368.00
28-05-2021,35770.00
29-05-2021,34622.00
30-05-2021,35545.00
31-05-2021,37154.00
01-06-2021,36765.00
02-06-2021,37501.00
03-06-2021,39215.00
04-06-2021,36895.00
05-06-2021,35565.00
06-06-2021,35873.00
07-06-2021,33816.00
08-06-2021,33432.00
09-06-2021,37357.00
10-06-2021,36718.00
11-06-2021,37282.00
12-06-2021,35610.00
13-06-2021,39122.00
14-06-2021,40497.00
15-06-2021,40094.00
16-06-2021,38394.00
17-06-2021,38028.00
18-06-2021,35777.00
19-06-2021,35498.00
20-06-2021,35566.00
21-06-2021,31687.00
22-06-2021,32508.00
23-06-2021,33688.00
24-06-2021,34695.00
25-06-2021,31705.00
26-06-2021,32266.00
27-06-2021,34597.00
28-06-2021,34542.00
29-06-2021,35929.00
30-06-2021,34996.00
01-07-2021,33538.00
02-07-2021,33832.00
03-07-2021,34634.00
04-07-2021,35127.00
05-07-2021,33673.00
06-07-2021,34194.00
07-07-2021,33791.00
08-07-2021,32878.00
09-07-2021,33767.00
10-07-2021,33547.00
11-07-2021,34236.00
12-07-2021,33097.00
13-07-2021,32769.00
14-07-2021,32817.00
15-07-2021,31891.00
16-07-2021,31409.00
17-07-2021,31504.00
18-07-2021,31753.00
19-07-2021,30850.00
20-07-2021,29789.00
21-07-2021,32086.00
22-07-2021,32328.00
23-07-2021,33700.00
24-07-2021,34275.00
25-07-2021,35369.00
26-07-2021,37269.00
27-07-2021,39382.00
28-07-2021,40032.00
29-07-2021,40025.00
30-07-2021,42189.00
31-07-2021,41472.00
01-08-2021,39817.00
02-08-2021,39147.00
03-08-2021,38207.00
04-08-2021,39730.00
05-08-2021,40894.00
06-08-2021,42828.00
07-08-2021,44489.00
08-08-2021,43933.00
09-08-2021,46209.00
10-08-2021,45566.00
11-08-2021,45483.00
12-08-2021,44454.00
13-08-2021,47765.00
14-08-2021,47135.00
15-08-2021,47090.00
16-08-2021,45931.00
17-08-2021,44719.00
18-08-2021,44735.00
19-08-2021,46737.00
20-08-2021,49351.00
21-08-2021,48897.00
22-08-2021,49328.00
23-08-2021,49465.00
24-08-2021,47770.00
25-08-2021,48985.00
26-08-2021,46771.00
27-08-2021,49082.00
28-08-2021,48963.00
29-08-2021,48771.00
30-08-2021,46924.00
31-08-2021,47066.00
01-09-2021,48889.00
02-09-2021,49273.00
03-09-2021,49919.00
04-09-2021,49949.00
05-09-2021,51783.00
06-09-2021,52691.00
07-09-2021,46944.00
08-09-2021,46022.00
09-09-2021,46415.00
10-09-2021,44898.00
11-09-2021,45127.00
12-09-2021,46010.00
13-09-2021,44969.00
14-09-2021,47096.00
15-09-2021,48107.00
16-09-2021,47773.00
17-09-2021,47338.00
18-09-2021,48300.00
19-09-2021,47271.00
20-09-2021,42991.00
21-09-2021,40656.00
22-09-2021,43544.00
23-09-2021,44893.00
24-09-2021,42817.00
25-09-2021,42682.00
26-09-2021,43142.00
27-09-2021,42215.00
28-09-2021,41006.00
29-09-2021,41522.00
30-09-2021,43834.00
01-10-2021,48145.00
02-10-2021,47693.00
03-10-2021,48180.00
04-10-2021,49249.00
05-10-2021,51442.00
06-10-2021,55279.00
07-10-2021,53845.00
08-10-2021,53983.00
09-10-2021,54951.00
10-10-2021,54655.00
11-10-2021,57440.00
12-10-2021,56019.00
13-10-2021,57373.00
14-10-2021,57327.00
15-10-2021,61682.00
16-10-2021,60881.00
17-10-2021,61541.00
18-10-2021,62037.00
19-10-2021,64354.00
20-10-2021,66005.00
21-10-2021,62152.00
22-10-2021,60672.00
23-10-2021,61308.00
24-10-2021,60889.00
25-10-2021,63103.00
26-10-2021,60341.00
27-10-2021,58518.00
28-10-2021,60578.00
29-10-2021,62316.00
30-10-2021,62063.00
31-10-2021,61333.00
01-11-2021,60950.00
02-11-2021,63357.00
03-11-2021,62944.00
04-11-2021,61499.00
05-11-2021,61000.00
06-11-2021,61539.00
07-11-2021,63434.00
08-11-2021,67510.00
09-11-2021,66968.00
10-11-2021,64897.00
11-11-2021,64794.00
12-11-2021,64159.00
13-11-2021,64483.00
14-11-2021,65714.00
15-11-2021,63442.00
16-11-2021,60147.00
17-11-2021,60314.00
18-11-2021,57017.00
19-11-2021,58188.00
20-11-2021,59772.00
21-11-2021,58743.00
22-11-2021,56255.00
23-11-2021,57600.00
24-11-2021,57255.00
25-11-2021,59022.00
26-11-2021,53839.00
27-11-2021,54666.00
28-11-2021,57472.00
29-11-2021,57828.00
30-11-2021,56879.00
01-12-2021,57228.00
02-12-2021,56566.00
03-12-2021,53682.00
04-12-2021,49335.00
05-12-2021,49512.00
06-12-2021,50589.00
07-12-2021,50676.00
08-12-2021,50532.00
09-12-2021,47639.00
10-12-2021,47268.00
11-12-2021,49432.00
12-12-2021,50065.00
13-12-2021,46640.00
14-12-2021,48343.00
15-12-2021,48886.00
16-12-2021,47605.00
17-12-2021,46240.00
18-12-2021,46813.00
19-12-2021,46684.00
20-12-2021,46964.00
21-12-2021,48954.00
22-12-2021,48647.00
23-12-2021,50840.00
24-12-2021,50816.00
25-12-2021,50395.00
26-12-2021,50842.00
27-12-2021,50663.00
28-12-2021,47595.00
29-12-2021,46519.00
30-12-2021,47098.00
31-12-2021,46245.00
01-01-2022,47749.00
02-01-2022,47259.00
03-01-2022,46520.00
04-01-2022,45889.00
05-01-2022,43423.00
06-01-2022,43133.00
07-01-2022,41656.00
08-01-2022,41667.00
09-01-2022,41839.00
10-01-2022,41872.00
11-01-2022,42771.00
12-01-2022,43884.00
13-01-2022,42618.00
14-01-2022,43159.00
15-01-2022,43082.00
16-01-2022,43138.00
17-01-2022,42285.00
18-01-2022,42412.00
19-01-2022,41723.00
20-01-2022,40696.00
21-01-2022,36513.00
22-01-2022,35108.00
23-01-2022,36233.00
24-01-2022,36643.00
25-01-2022,36977.00
26-01-2022,36839.00
27-01-2022,37140.00
28-01-2022,37678.00
29-01-2022,38167.00
30-01-2022,37919.00
31-01-2022,38430.00
01-02-2022,38745.00
02-02-2022,36906.00
03-02-2022,37238.00
04-02-2022,41545.00
05-02-2022,41448.00
06-02-2022,42497.00
07-02-2022,43898.00
08-02-2022,44148.00
09-02-2022,44403.00
10-02-2022,43477.00
11-02-2022,42392.00
12-02-2022,42217.00
13-02-2022,42097.00
14-02-2022,42573.00
15-02-2022,44470.00
16-02-2022,43897.00
17-02-2022,40554.00
18-02-2022,39993.00
19-02-2022,40089.00
20-02-2022,38426.00
21-02-2022,37075.00
22-02-2022,38261.00
23-02-2022,37225.00
24-02-2022,38368.00
25-02-2022,39213.00
26-02-2022,39138.00
27-02-2022,37700.00
28-02-2022,43206.00
01-03-2022,44412.00
02-03-2022,43863.00
03-03-2022,42432.00
04-03-2022,39206.00
05-03-2022,39391.00
06-03-2022,38432.00
07-03-2022,38005.00
08-03-2022,38724.00
09-03-2022,41986.00
10-03-2022,39455.00
11-03-2022,38671.00
12-03-2022,38768.00
13-03-2022,37780.00
14-03-2022,39645.00
15-03-2022,39361.00
16-03-2022,41110.00
17-03-2022,40964.00
18-03-2022,41806.00
19-03-2022,42220.00
20-03-2022,41271.00
21-03-2022,41010.00
22-03-2022,42360.00
23-03-2022,42940.00
24-03-2022,43979.00
25-03-2022,44355.00
26-03-2022,44548.00
27-03-2022,46820.00
28-03-2022,47191.00
29-03-2022,47431.00
30-03-2022,47023.00
31-03-2022,45476.00
01-04-2022,46222.00
02-04-2022,45871.00
03-04-2022,46358.00
04-04-2022,46569.00
05-04-2022,45449.00
06-04-2022,43206.00
07-04-2022,43432.00
08-04-2022,42282.00
09-04-2022,42773.00
10-04-2022,42177.00
11-04-2022,39615.00
12-04-2022,40105.00
13-04-2022,41101.00
14-04-2022,39910.00
15-04-2022,40567.00
16-04-2022,40378.00
17-04-2022,39671.00
18-04-2022,40817.00
19-04-2022,41480.00
20-04-2022,41350.00
21-04-2022,40465.00
22-04-2022,39708.00
23-04-2022,39468.00
24-04-2022,39490.00
25-04-2022,40490.00
26-04-2022,38103.00
27-04-2022,39188.00
28-04-2022,39738.00
29-04-2022,38597.00
30-04-2022,37659.00
01-05-2022,38496.00
02-05-2022,38488.00
03-05-2022,37708.00
04-05-2022,39672.00
05-05-2022,36517.00
06-05-2022,36013.00
07-05-2022,35446.00
08-05-2022,34090.00
09-05-2022,30177.00
10-05-2022,30962.00
11-05-2022,29028.00
12-05-2022,28960.00
13-05-2022,29292.00
14-05-2022,30013.00
15-05-2022,31259.00
16-05-2022,29855.00
17-05-2022,30391.00
18-05-2022,28763.00
19-05-2022,30259.00
20-05-2022,29138.00
21-05-2022,29427.00
22-05-2022,30221.00
