DATE,MORTGAGE RATE
02-04-1971,7.33
09-04-1971,7.31
16-04-1971,7.31
23-04-1971,7.31
30-04-1971,7.29
07-05-1971,7.38
14-05-1971,7.42
21-05-1971,7.44
28-05-1971,7.46
04-06-1971,7.52
11-06-1971,7.52
18-06-1971,7.54
25-06-1971,7.54
02-07-1971,7.54
09-07-1971,7.54
16-07-1971,7.6
23-07-1971,7.65
30-07-1971,7.69
06-08-1971,7.66
13-08-1971,7.73
20-08-1971,7.71
27-08-1971,7.69
03-09-1971,7.71
10-09-1971,7.67
17-09-1971,7.7
24-09-1971,7.67
01-10-1971,7.67
08-10-1971,7.63
15-10-1971,7.63
22-10-1971,7.58
29-10-1971,7.63
05-11-1971,7.59
12-11-1971,7.56
19-11-1971,7.54
26-11-1971,7.51
03-12-1971,7.49
10-12-1971,7.47
17-12-1971,7.48
24-12-1971,7.48
31-12-1971,7.48
07-01-1972,7.46
14-01-1972,7.46
21-01-1972,7.43
28-01-1972,7.4
04-02-1972,7.35
11-02-1972,7.33
18-02-1972,7.31
25-02-1972,7.31
03-03-1972,7.32
10-03-1972,7.32
17-03-1972,7.31
24-03-1972,7.31
31-03-1972,7.23
07-04-1972,7.25
14-04-1972,7.29
21-04-1972,7.29
28-04-1972,7.33
05-05-1972,7.33
12-05-1972,7.38
19-05-1972,7.38
26-05-1972,7.4
02-06-1972,7.36
09-06-1972,7.38
16-06-1972,7.38
23-06-1972,7.36
30-06-1972,7.38
07-07-1972,7.38
14-07-1972,7.4
21-07-1972,7.4
28-07-1972,7.4
04-08-1972,7.35
11-08-1972,7.41
18-08-1972,7.42
25-08-1972,7.42
01-09-1972,7.42
08-09-1972,7.42
15-09-1972,7.42
22-09-1972,7.41
29-09-1972,7.43
06-10-1972,7.41
13-10-1972,7.41
20-10-1972,7.44
27-10-1972,7.42
03-11-1972,7.43
10-11-1972,7.42
17-11-1972,7.42
24-11-1972,7.44
01-12-1972,7.45
08-12-1972,7.43
15-12-1972,7.43
22-12-1972,7.45
29-12-1972,7.45
05-01-1973,7.44
12-01-1973,7.44
19-01-1973,7.44
26-01-1973,7.43
02-02-1973,7.43
09-02-1973,7.43
16-02-1973,7.45
23-02-1973,7.45
02-03-1973,7.45
09-03-1973,7.45
16-03-1973,7.45
23-03-1973,7.45
30-03-1973,7.49
06-04-1973,7.51
13-04-1973,7.54
20-04-1973,7.56
27-04-1973,7.56
04-05-1973,7.58
11-05-1973,7.64
18-05-1973,7.69
24-05-1973,7.7
01-06-1973,7.7
08-06-1973,7.73
15-06-1973,7.73
22-06-1973,7.75
29-06-1973,7.76
06-07-1973,7.89
13-07-1973,8.01
20-07-1973,8.12
27-07-1973,8.18
03-08-1973,8.26
10-08-1973,8.4
17-08-1973,8.55
24-08-1973,8.61
31-08-1973,8.66
07-09-1973,8.77
14-09-1973,8.81
21-09-1973,8.83
28-09-1973,8.85
05-10-1973,8.82
12-10-1973,8.83
19-10-1973,8.75
26-10-1973,8.68
02-11-1973,8.62
09-11-1973,8.59
16-11-1973,8.58
23-11-1973,8.57
30-11-1973,8.55
07-12-1973,8.53
14-12-1973,8.53
21-12-1973,8.53
28-12-1973,8.56
04-01-1974,8.56
11-01-1974,8.53
18-01-1974,8.55
25-01-1974,8.52
01-02-1974,8.48
08-02-1974,8.46
15-02-1974,8.46
22-02-1974,8.42
01-03-1974,8.41
08-03-1974,8.41
15-03-1974,8.4
22-03-1974,8.4
29-03-1974,8.41
05-04-1974,8.44
12-04-1974,8.53
19-04-1974,8.63
26-04-1974,8.73
03-05-1974,8.87
10-05-1974,8.98
17-05-1974,8.97
24-05-1974,9.01
31-05-1974,9.03
07-06-1974,9.06
14-06-1974,9.11
21-06-1974,9.07
28-06-1974,9.1
05-07-1974,9.14
12-07-1974,9.19
19-07-1974,9.37
26-07-1974,9.42
02-08-1974,9.47
09-08-1974,9.5
16-08-1974,9.6
23-08-1974,9.62
30-08-1974,9.74
06-09-1974,9.88
13-09-1974,9.92
20-09-1974,10
27-09-1974,10.03
04-10-1974,10.02
11-10-1974,9.96
18-10-1974,9.99
25-10-1974,9.94
01-11-1974,9.87
08-11-1974,9.81
15-11-1974,9.81
22-11-1974,9.73
29-11-1974,9.72
06-12-1974,9.69
13-12-1974,9.63
20-12-1974,9.58
27-12-1974,9.56
03-01-1975,9.6
10-01-1975,9.49
17-01-1975,9.43
24-01-1975,9.35
31-01-1975,9.29
07-02-1975,9.2
14-02-1975,9.13
21-02-1975,9.07
28-02-1975,9.02
07-03-1975,9
14-03-1975,8.89
21-03-1975,8.86
28-03-1975,8.86
04-04-1975,8.83
11-04-1975,8.81
18-04-1975,8.8
25-04-1975,8.84
02-05-1975,8.92
09-05-1975,8.88
16-05-1975,8.92
23-05-1975,8.92
30-05-1975,8.89
06-06-1975,8.89
13-06-1975,8.9
20-06-1975,8.88
27-06-1975,8.9
03-07-1975,8.88
11-07-1975,8.9
18-07-1975,8.89
25-07-1975,8.89
01-08-1975,8.89
08-08-1975,8.89
15-08-1975,8.93
22-08-1975,8.98
29-08-1975,9.02
05-09-1975,9.08
12-09-1975,9.16
19-09-1975,9.14
26-09-1975,9.14
03-10-1975,9.2
10-10-1975,9.21
17-10-1975,9.21
24-10-1975,9.26
31-10-1975,9.24
07-11-1975,9.19
14-11-1975,9.16
21-11-1975,9.12
28-11-1975,9.11
05-12-1975,9.11
12-12-1975,9.11
19-12-1975,9.08
26-12-1975,9.09
02-01-1976,9.1
09-01-1976,9.07
16-01-1976,9.01
23-01-1976,9
30-01-1976,8.9
06-02-1976,8.86
13-02-1976,8.83
20-02-1976,8.81
27-02-1976,8.75
05-03-1976,8.77
12-03-1976,8.75
19-03-1976,8.75
26-03-1976,8.75
02-04-1976,8.7
09-04-1976,8.7
16-04-1976,8.75
23-04-1976,8.75
30-04-1976,8.75
07-05-1976,8.75
14-05-1976,8.75
21-05-1976,8.78
28-05-1976,8.78
04-06-1976,8.78
11-06-1976,8.83
18-06-1976,8.88
25-06-1976,8.9
02-07-1976,8.93
09-07-1976,8.93
16-07-1976,8.93
23-07-1976,8.9
30-07-1976,8.98
06-08-1976,9
13-08-1976,9
20-08-1976,9
27-08-1976,9
03-09-1976,9
10-09-1976,8.97
17-09-1976,8.97
24-09-1976,8.97
01-10-1976,8.9
08-10-1976,8.95
15-10-1976,8.95
22-10-1976,8.95
29-10-1976,8.9
05-11-1976,8.85
12-11-1976,8.8
19-11-1976,8.8
26-11-1976,8.8
03-12-1976,8.8
10-12-1976,8.8
17-12-1976,8.8
24-12-1976,8.78
31-12-1976,8.78
07-01-1977,8.7
14-01-1977,8.73
21-01-1977,8.73
28-01-1977,8.73
04-02-1977,8.68
11-02-1977,8.7
18-02-1977,8.65
25-02-1977,8.65
04-03-1977,8.65
11-03-1977,8.7
18-03-1977,8.7
25-03-1977,8.7
01-04-1977,8.7
08-04-1977,8.75
15-04-1977,8.75
22-04-1977,8.78
29-04-1977,8.78
06-05-1977,8.78
13-05-1977,8.83
20-05-1977,8.85
27-05-1977,8.85
03-06-1977,8.85
10-06-1977,8.85
17-06-1977,8.85
24-06-1977,8.88
01-07-1977,8.95
08-07-1977,8.93
15-07-1977,8.95
22-07-1977,8.95
29-07-1977,8.93
05-08-1977,8.95
12-08-1977,8.95
19-08-1977,8.93
26-08-1977,8.93
02-09-1977,8.88
09-09-1977,8.9
16-09-1977,8.9
23-09-1977,8.9
30-09-1977,8.9
07-10-1977,8.93
14-10-1977,8.93
21-10-1977,8.93
28-10-1977,8.9
04-11-1977,8.9
11-11-1977,8.93
18-11-1977,8.93
25-11-1977,8.93
02-12-1977,8.95
09-12-1977,8.95
16-12-1977,8.95
23-12-1977,8.95
30-12-1977,9
06-01-1978,9
13-01-1978,9.03
20-01-1978,8.98
27-01-1978,9.05
03-02-1978,9.13
10-02-1978,9.15
17-02-1978,9.15
24-02-1978,9.15
03-03-1978,9.15
10-03-1978,9.15
17-03-1978,9.23
24-03-1978,9.23
31-03-1978,9.25
07-04-1978,9.28
14-04-1978,9.33
21-04-1978,9.38
28-04-1978,9.43
05-05-1978,9.48
12-05-1978,9.55
19-05-1978,9.58
26-05-1978,9.68
02-06-1978,9.68
09-06-1978,9.7
16-06-1978,9.73
23-06-1978,9.7
30-06-1978,9.73
07-07-1978,9.73
14-07-1978,9.73
21-07-1978,9.75
28-07-1978,9.75
04-08-1978,9.78
11-08-1978,9.78
18-08-1978,9.78
25-08-1978,9.8
01-09-1978,9.75
08-09-1978,9.75
15-09-1978,9.75
22-09-1978,9.75
29-09-1978,9.78
06-10-1978,9.85
13-10-1978,9.85
20-10-1978,9.85
27-10-1978,9.88
03-11-1978,9.9
10-11-1978,10.05
17-11-1978,10.2
24-11-1978,10.28
01-12-1978,10.3
08-12-1978,10.35
15-12-1978,10.35
22-12-1978,10.35
29-12-1978,10.38
05-01-1979,10.38
12-01-1979,10.38
19-01-1979,10.4
26-01-1979,10.4
02-02-1979,10.4
09-02-1979,10.43
16-02-1979,10.4
23-02-1979,10.4
02-03-1979,10.43
09-03-1979,10.4
16-03-1979,10.4
23-03-1979,10.45
30-03-1979,10.45
06-04-1979,10.48
13-04-1979,10.48
20-04-1979,10.5
27-04-1979,10.53
04-05-1979,10.6
11-05-1979,10.68
18-05-1979,10.73
25-05-1979,10.75
01-06-1979,10.9
08-06-1979,11.03
15-06-1979,11.05
22-06-1979,11.1
29-06-1979,11.1
06-07-1979,11.13
13-07-1979,11.08
20-07-1979,11.08
27-07-1979,11.08
03-08-1979,11.08
10-08-1979,11.08
17-08-1979,11.08
24-08-1979,11.1
31-08-1979,11.13
07-09-1979,11.2
14-09-1979,11.3
21-09-1979,11.35
28-09-1979,11.35
05-10-1979,11.35
12-10-1979,11.45
19-10-1979,11.75
26-10-1979,12
02-11-1979,12.8
09-11-1979,12.85
16-11-1979,12.8
23-11-1979,12.8
30-11-1979,12.9
07-12-1979,12.9
14-12-1979,12.9
21-12-1979,12.9
28-12-1979,12.9
04-01-1980,12.85
11-01-1980,12.9
18-01-1980,12.87
25-01-1980,12.89
01-02-1980,12.85
08-02-1980,12.85
15-02-1980,12.88
22-02-1980,13.03
29-02-1980,13.59
07-03-1980,14
14-03-1980,15.4
21-03-1980,15.7
28-03-1980,16.03
04-04-1980,16.35
11-04-1980,16.35
18-04-1980,16.35
25-04-1980,16.25
02-05-1980,15.9
09-05-1980,14.68
16-05-1980,14.15
23-05-1980,13.38
30-05-1980,13.2
06-06-1980,13.06
13-06-1980,12.85
20-06-1980,12.58
27-06-1980,12.35
04-07-1980,12.18
11-07-1980,12.23
18-07-1980,12.18
25-07-1980,12.18
01-08-1980,12.25
08-08-1980,12.25
15-08-1980,12.55
22-08-1980,12.8
29-08-1980,12.95
05-09-1980,13.03
12-09-1980,13.08
19-09-1980,13.25
26-09-1980,13.43
03-10-1980,13.6
10-10-1980,13.73
17-10-1980,13.78
24-10-1980,13.85
31-10-1980,14
07-11-1980,14.08
14-11-1980,14.18
21-11-1980,14.28
28-11-1980,14.28
05-12-1980,14.43
12-12-1980,14.83
19-12-1980,14.95
26-12-1980,14.95
02-01-1981,14.95
09-01-1981,14.8
16-01-1981,14.85
23-01-1981,14.85
30-01-1981,15.07
06-02-1981,15
13-02-1981,15.03
20-02-1981,15.2
27-02-1981,15.3
06-03-1981,15.4
13-03-1981,15.4
20-03-1981,15.4
27-03-1981,15.4
03-04-1981,15.4
10-04-1981,15.5
17-04-1981,15.65
24-04-1981,15.77
01-05-1981,15.82
08-05-1981,16.12
15-05-1981,16.64
22-05-1981,16.63
29-05-1981,16.8
05-06-1981,16.76
12-06-1981,16.69
19-06-1981,16.71
26-06-1981,16.62
03-07-1981,16.64
10-07-1981,16.79
17-07-1981,16.74
24-07-1981,16.88
31-07-1981,17.11
07-08-1981,17.13
14-08-1981,17.27
21-08-1981,17.26
28-08-1981,17.48
04-09-1981,17.79
11-09-1981,18.22
18-09-1981,18.27
25-09-1981,18.36
02-10-1981,18.28
09-10-1981,18.63
16-10-1981,18.53
21-10-1981,18.39
30-10-1981,18.44
06-11-1981,18.37
13-11-1981,18.02
20-11-1981,17.7
27-11-1981,17.21
04-12-1981,16.9
11-12-1981,16.94
18-12-1981,16.9
25-12-1981,16.95
31-12-1981,17.04
08-01-1982,17.3
15-01-1982,17.44
22-01-1982,17.61
29-01-1982,17.59
05-02-1982,17.56
12-02-1982,17.65
19-02-1982,17.66
26-02-1982,17.52
05-03-1982,17.29
12-03-1982,17.19
19-03-1982,17.12
26-03-1982,17.04
02-04-1982,16.95
09-04-1982,16.91
16-04-1982,16.93
23-04-1982,16.86
30-04-1982,16.81
07-05-1982,16.78
14-05-1982,16.63
21-05-1982,16.67
28-05-1982,16.63
04-06-1982,16.65
11-06-1982,16.7
18-06-1982,16.71
25-06-1982,16.73
02-07-1982,16.87
09-07-1982,16.93
16-07-1982,16.88
23-07-1982,16.75
30-07-1982,16.65
06-08-1982,16.55
13-08-1982,16.44
20-08-1982,16.21
27-08-1982,15.88
03-09-1982,15.59
10-09-1982,15.56
17-09-1982,15.38
24-09-1982,15.19
01-10-1982,15.13
08-10-1982,14.96
15-10-1982,14.6
22-10-1982,14.2
29-10-1982,14.15
05-11-1982,13.91
12-11-1982,13.84
19-11-1982,13.78
26-11-1982,13.77
03-12-1982,13.66
10-12-1982,13.66
17-12-1982,13.63
24-12-1982,13.6
31-12-1982,13.57
07-01-1983,13.46
14-01-1983,13.31
21-01-1983,13.12
28-01-1983,13.1
04-02-1983,13.06
11-02-1983,13.06
18-02-1983,13.07
25-02-1983,12.98
04-03-1983,12.74
11-03-1983,12.79
18-03-1983,12.81
25-03-1983,12.86
01-04-1983,12.82
08-04-1983,12.82
15-04-1983,12.79
22-04-1983,12.75
29-04-1983,12.73
06-05-1983,12.71
13-05-1983,12.59
20-05-1983,12.55
27-05-1983,12.68
03-06-1983,12.74
10-06-1983,12.82
17-06-1983,12.96
24-06-1983,12.96
01-07-1983,13.08
08-07-1983,13.3
15-07-1983,13.5
22-07-1983,13.58
29-07-1983,13.65
05-08-1983,13.73
12-08-1983,13.84
19-08-1983,13.89
26-08-1983,13.78
02-09-1983,13.77
09-09-1983,13.77
16-09-1983,13.72
23-09-1983,13.72
30-09-1983,13.65
07-10-1983,13.59
14-10-1983,13.6
21-10-1983,13.52
28-10-1983,13.43
04-11-1983,13.42
11-11-1983,13.47
18-11-1983,13.42
25-11-1983,13.43
02-12-1983,13.41
09-12-1983,13.38
16-12-1983,13.42
23-12-1983,13.46
30-12-1983,13.43
06-01-1984,13.43
13-01-1984,13.4
20-01-1984,13.35
27-01-1984,13.29
03-02-1984,13.26
10-02-1984,13.23
17-02-1984,13.19
24-02-1984,13.25
02-03-1984,13.23
09-03-1984,13.3
16-03-1984,13.37
23-03-1984,13.48
30-03-1984,13.55
06-04-1984,13.63
13-04-1984,13.58
20-04-1984,13.67
27-04-1984,13.73
04-05-1984,13.78
11-05-1984,13.87
18-05-1984,14.04
25-05-1984,14.08
01-06-1984,14.29
08-06-1984,14.33
15-06-1984,14.47
22-06-1984,14.49
29-06-1984,14.5
06-07-1984,14.66
13-07-1984,14.68
20-07-1984,14.66
27-07-1984,14.67
03-08-1984,14.68
10-08-1984,14.54
17-08-1984,14.39
24-08-1984,14.36
31-08-1984,14.38
07-09-1984,14.42
14-09-1984,14.43
21-09-1984,14.29
28-09-1984,14.26
05-10-1984,14.18
12-10-1984,14.19
19-10-1984,14.1
26-10-1984,14.05
02-11-1984,13.85
09-11-1984,13.74
16-11-1984,13.63
23-11-1984,13.55
30-11-1984,13.42
07-12-1984,13.2
14-12-1984,13.2
21-12-1984,13.18
28-12-1984,13.14
04-01-1985,13.1
11-01-1985,13.12
18-01-1985,13.12
25-01-1985,12.96
01-02-1985,12.93
08-02-1985,12.91
15-02-1985,12.9
22-02-1985,12.94
01-03-1985,13.02
08-03-1985,13.1
15-03-1985,13.2
22-03-1985,13.24
29-03-1985,13.29
05-04-1985,13.27
12-04-1985,13.23
19-04-1985,13.16
26-04-1985,13.12
03-05-1985,13.07
10-05-1985,13.02
17-05-1985,12.94
24-05-1985,12.83
31-05-1985,12.71
07-06-1985,12.39
14-06-1985,12.27
21-06-1985,12.05
28-06-1985,12.15
05-07-1985,12.13
12-07-1985,12.03
19-07-1985,11.94
26-07-1985,12.03
02-08-1985,12.17
09-08-1985,12.23
16-08-1985,12.24
23-08-1985,12.18
30-08-1985,12.11
06-09-1985,12.15
13-09-1985,12.24
20-09-1985,12.21
27-09-1985,12.17
04-10-1985,12.17
11-10-1985,12.17
18-10-1985,12.13
25-10-1985,12.07
01-11-1985,12.01
08-11-1985,11.9
15-11-1985,11.79
22-11-1985,11.64
29-11-1985,11.58
06-12-1985,11.5
13-12-1985,11.31
20-12-1985,11.14
27-12-1985,11.09
03-01-1986,10.81
10-01-1986,10.77
17-01-1986,10.99
24-01-1986,10.97
31-01-1986,10.89
07-02-1986,10.85
14-02-1986,10.8
21-02-1986,10.68
28-02-1986,10.51
07-03-1986,10.2
14-03-1986,10.01
21-03-1986,10.01
28-03-1986,10.1
04-04-1986,9.99
11-04-1986,9.98
18-04-1986,9.92
25-04-1986,9.86
02-05-1986,9.9
09-05-1986,10
16-05-1986,10.08
23-05-1986,10.36
30-05-1986,10.38
06-06-1986,10.74
13-06-1986,10.76
20-06-1986,10.61
27-06-1986,10.62
04-07-1986,10.61
11-07-1986,10.59
18-07-1986,10.43
25-07-1986,10.4
01-08-1986,10.4
08-08-1986,10.4
15-08-1986,10.23
22-08-1986,10.04
29-08-1986,9.93
05-09-1986,9.9
12-09-1986,9.96
19-09-1986,10.07
26-09-1986,10.1
03-10-1986,10.08
10-10-1986,9.99
17-10-1986,9.96
24-10-1986,9.95
31-10-1986,9.89
07-11-1986,9.83
14-11-1986,9.81
21-11-1986,9.64
28-11-1986,9.5
05-12-1986,9.3
12-12-1986,9.35
19-12-1986,9.3
26-12-1986,9.29
02-01-1987,9.37
09-01-1987,9.32
16-01-1987,9.21
23-01-1987,9.04
30-01-1987,9.08
06-02-1987,9.06
13-02-1987,9.09
20-02-1987,9.11
27-02-1987,9.07
06-03-1987,9.03
13-03-1987,9.05
20-03-1987,9.03
27-03-1987,9.03
03-04-1987,9.26
10-04-1987,9.43
17-04-1987,10.27
24-04-1987,10.37
01-05-1987,10.47
08-05-1987,10.52
15-05-1987,10.48
22-05-1987,10.81
29-05-1987,10.7
05-06-1987,10.7
12-06-1987,10.66
19-06-1987,10.44
26-06-1987,10.35
03-07-1987,10.36
10-07-1987,10.3
17-07-1987,10.23
24-07-1987,10.23
31-07-1987,10.27
07-08-1987,10.35
14-08-1987,10.34
21-08-1987,10.3
28-08-1987,10.33
04-09-1987,10.63
11-09-1987,10.91
18-09-1987,10.99
25-09-1987,11.02
02-10-1987,11.18
09-10-1987,11.21
16-10-1987,11.58
23-10-1987,11.36
30-10-1987,10.97
06-11-1987,10.79
13-11-1987,10.66
20-11-1987,10.6
27-11-1987,10.55
04-12-1987,10.6
11-12-1987,10.66
18-12-1987,10.69
25-12-1987,10.64
31-12-1987,10.61
08-01-1988,10.5
15-01-1988,10.53
22-01-1988,10.34
29-01-1988,10.16
05-02-1988,9.94
12-02-1988,9.84
19-02-1988,9.92
26-02-1988,9.87
04-03-1988,9.85
11-03-1988,9.96
18-03-1988,9.92
25-03-1988,9.99
01-04-1988,10.05
08-04-1988,10.19
15-04-1988,10.19
22-04-1988,10.3
29-04-1988,10.28
06-05-1988,10.32
13-05-1988,10.4
20-05-1988,10.52
27-05-1988,10.58
03-06-1988,10.58
10-06-1988,10.51
17-06-1988,10.35
24-06-1988,10.4
01-07-1988,10.39
08-07-1988,10.38
15-07-1988,10.44
22-07-1988,10.46
29-07-1988,10.49
05-08-1988,10.44
12-08-1988,10.57
19-08-1988,10.71
26-08-1988,10.67
02-09-1988,10.65
09-09-1988,10.53
16-09-1988,10.4
23-09-1988,10.4
30-09-1988,10.42
07-10-1988,10.38
14-10-1988,10.33
21-10-1988,10.28
28-10-1988,10.22
04-11-1988,10.12
11-11-1988,10.24
18-11-1988,10.31
25-11-1988,10.39
02-12-1988,10.44
09-12-1988,10.46
16-12-1988,10.71
23-12-1988,10.68
30-12-1988,10.77
06-01-1989,10.8
13-01-1989,10.81
20-01-1989,10.71
27-01-1989,10.6
03-02-1989,10.55
10-02-1989,10.56
17-02-1989,10.69
24-02-1989,10.78
03-03-1989,10.91
10-03-1989,10.86
17-03-1989,10.98
24-03-1989,11.22
31-03-1989,11.19
07-04-1989,11.07
14-04-1989,11.11
21-04-1989,10.99
28-04-1989,11.03
05-05-1989,10.97
12-05-1989,10.93
19-05-1989,10.69
26-05-1989,10.5
02-06-1989,10.48
09-06-1989,10.2
16-06-1989,10.04
23-06-1989,10.19
30-06-1989,10.07
07-07-1989,10.03
14-07-1989,9.82
21-07-1989,9.87
28-07-1989,9.81
04-08-1989,9.68
11-08-1989,9.96
18-08-1989,10.09
25-08-1989,10.21
01-09-1989,10.22
08-09-1989,10.17
15-09-1989,10.05
22-09-1989,10.03
29-09-1989,10.16
06-10-1989,10.1
13-10-1989,9.95
20-10-1989,9.92
27-10-1989,9.82
03-11-1989,9.82
10-11-1989,9.79
17-11-1989,9.72
24-11-1989,9.74
01-12-1989,9.74
08-12-1989,9.76
15-12-1989,9.75
22-12-1989,9.69
29-12-1989,9.78
05-01-1990,9.83
12-01-1990,9.8
19-01-1990,9.9
26-01-1990,10.05
02-02-1990,10.17
09-02-1990,10.21
16-02-1990,10.1
23-02-1990,10.31
02-03-1990,10.23
09-03-1990,10.29
16-03-1990,10.34
23-03-1990,10.26
30-03-1990,10.22
06-04-1990,10.26
13-04-1990,10.25
20-04-1990,10.41
27-04-1990,10.56
04-05-1990,10.67
11-05-1990,10.54
18-05-1990,10.37
25-05-1990,10.33
01-06-1990,10.29
08-06-1990,10.1
15-06-1990,10.12
22-06-1990,10.16
29-06-1990,10.15
06-07-1990,10.06
13-07-1990,10.11
20-07-1990,9.99
27-07-1990,9.98
03-08-1990,9.84
10-08-1990,10.08
17-08-1990,10.05
24-08-1990,10.29
31-08-1990,10.24
07-09-1990,10.19
14-09-1990,10.13
21-09-1990,10.16
28-09-1990,10.22
05-10-1990,10.08
12-10-1990,10.22
19-10-1990,10.24
26-10-1990,10.17
02-11-1990,10.13
09-11-1990,10.09
16-11-1990,10.02
23-11-1990,9.93
30-11-1990,9.9
07-12-1990,9.81
14-12-1990,9.56
21-12-1990,9.64
28-12-1990,9.68
04-01-1991,9.56
11-01-1991,9.63
18-01-1991,9.75
25-01-1991,9.61
01-02-1991,9.56
08-02-1991,9.36
15-02-1991,9.25
22-02-1991,9.29
01-03-1991,9.4
08-03-1991,9.49
15-03-1991,9.5
22-03-1991,9.59
29-03-1991,9.52
05-04-1991,9.49
12-04-1991,9.48
19-04-1991,9.47
26-04-1991,9.53
03-05-1991,9.47
10-05-1991,9.47
17-05-1991,9.5
24-05-1991,9.47
31-05-1991,9.45
07-06-1991,9.48
14-06-1991,9.66
21-06-1991,9.65
28-06-1991,9.67
05-07-1991,9.62
12-07-1991,9.64
19-07-1991,9.54
26-07-1991,9.5
02-08-1991,9.44
09-08-1991,9.27
16-08-1991,9.19
23-08-1991,9.17
30-08-1991,9.15
06-09-1991,9.14
13-09-1991,9.02
20-09-1991,8.95
27-09-1991,8.92
04-10-1991,8.87
11-10-1991,8.82
18-10-1991,8.82
25-10-1991,8.91
01-11-1991,8.78
08-11-1991,8.76
15-11-1991,8.69
22-11-1991,8.63
29-11-1991,8.7
06-12-1991,8.62
13-12-1991,8.53
20-12-1991,8.49
27-12-1991,8.35
03-01-1992,8.24
10-01-1992,8.23
17-01-1992,8.45
24-01-1992,8.56
31-01-1992,8.68
07-02-1992,8.67
14-02-1992,8.73
21-02-1992,8.82
28-02-1992,8.83
06-03-1992,8.85
13-03-1992,8.88
20-03-1992,9.03
27-03-1992,8.98
03-04-1992,8.96
10-04-1992,8.84
17-04-1992,8.76
24-04-1992,8.85
01-05-1992,8.84
08-05-1992,8.75
15-05-1992,8.64
22-05-1992,8.53
29-05-1992,8.6
05-06-1992,8.59
12-06-1992,8.54
19-06-1992,8.48
26-06-1992,8.43
03-07-1992,8.29
10-07-1992,8.13
17-07-1992,8.09
24-07-1992,8.08
31-07-1992,8.05
07-08-1992,8.06
14-08-1992,7.96
21-08-1992,7.87
28-08-1992,8.01
04-09-1992,7.94
11-09-1992,7.84
18-09-1992,7.89
24-09-1992,8.02
02-10-1992,7.93
09-10-1992,8.01
16-10-1992,8.06
23-10-1992,8.23
30-10-1992,8.21
06-11-1992,8.29
13-11-1992,8.32
20-11-1992,8.32
27-11-1992,8.29
04-12-1992,8.34
11-12-1992,8.23
18-12-1992,8.19
25-12-1992,8.13
31-12-1992,8.14
08-01-1993,8.07
15-01-1993,8.04
22-01-1993,8
29-01-1993,7.86
05-02-1993,7.8
12-02-1993,7.75
19-02-1993,7.65
26-02-1993,7.53
05-03-1993,7.44
12-03-1993,7.47
19-03-1993,7.57
26-03-1993,7.5
02-04-1993,7.53
09-04-1993,7.57
16-04-1993,7.45
23-04-1993,7.38
30-04-1993,7.43
07-05-1993,7.42
14-05-1993,7.42
21-05-1993,7.52
28-05-1993,7.5
04-06-1993,7.47
11-06-1993,7.48
18-06-1993,7.38
25-06-1993,7.34
02-07-1993,7.23
09-07-1993,7.19
16-07-1993,7.16
23-07-1993,7.2
30-07-1993,7.25
06-08-1993,7.21
13-08-1993,7.17
20-08-1993,7.1
27-08-1993,6.97
03-09-1993,6.93
10-09-1993,6.82
17-09-1993,6.96
24-09-1993,6.95
01-10-1993,6.89
08-10-1993,6.87
15-10-1993,6.81
22-10-1993,6.74
29-10-1993,6.86
05-11-1993,7.11
12-11-1993,7.12
19-11-1993,7.08
26-11-1993,7.31
04-12-1993,7.25
10-12-1993,7.14
17-12-1993,7.17
24-12-1993,7.17
31-12-1993,7.13
07-01-1994,7.23
14-01-1994,6.99
21-01-1994,7.05
28-01-1994,6.97
04-02-1994,6.97
11-02-1994,7.21
18-02-1994,7.11
25-02-1994,7.32
04-03-1994,7.51
11-03-1994,7.63
18-03-1994,7.76
25-03-1994,7.8
01-04-1994,8.04
08-04-1994,8.47
15-04-1994,8.26
22-04-1994,8.49
29-04-1994,8.32
06-05-1994,8.53
13-05-1994,8.77
20-05-1994,8.56
27-05-1994,8.53
03-06-1994,8.55
10-06-1994,8.25
17-06-1994,8.33
24-06-1994,8.46
01-07-1994,8.57
08-07-1994,8.68
15-07-1994,8.72
22-07-1994,8.53
29-07-1994,8.57
05-08-1994,8.38
12-08-1994,8.57
19-08-1994,8.54
26-08-1994,8.56
02-09-1994,8.48
09-09-1994,8.51
16-09-1994,8.66
23-09-1994,8.73
30-09-1994,8.82
07-10-1994,8.89
14-10-1994,8.93
21-10-1994,8.85
28-10-1994,9.03
04-11-1994,9.05
11-11-1994,9.19
18-11-1994,9.19
25-11-1994,9.25
02-12-1994,9.23
09-12-1994,9.15
16-12-1994,9.25
23-12-1994,9.18
30-12-1994,9.18
06-01-1995,9.22
13-01-1995,9.19
20-01-1995,9.05
27-01-1995,9.13
03-02-1995,8.94
10-02-1995,8.8
17-02-1995,8.84
24-02-1995,8.73
03-03-1995,8.53
10-03-1995,8.62
17-03-1995,8.38
24-03-1995,8.4
31-03-1995,8.38
07-04-1995,8.41
14-04-1995,8.37
21-04-1995,8.24
28-04-1995,8.26
05-05-1995,8.27
12-05-1995,7.87
19-05-1995,7.83
26-05-1995,7.85
02-06-1995,7.71
09-06-1995,7.51
16-06-1995,7.55
23-06-1995,7.53
30-06-1995,7.53
07-07-1995,7.63
14-07-1995,7.41
21-07-1995,7.6
28-07-1995,7.79
04-08-1995,7.82
11-08-1995,7.8
18-08-1995,7.94
25-08-1995,7.88
01-09-1995,7.76
08-09-1995,7.63
15-09-1995,7.6
22-09-1995,7.57
29-09-1995,7.62
06-10-1995,7.57
13-10-1995,7.5
20-10-1995,7.38
27-10-1995,7.45
03-11-1995,7.44
09-11-1995,7.37
17-11-1995,7.35
24-11-1995,7.35
01-12-1995,7.33
08-12-1995,7.18
15-12-1995,7.15
22-12-1995,7.23
29-12-1995,7.11
05-01-1996,7.02
12-01-1996,7.08
19-01-1996,7.02
26-01-1996,7
02-02-1996,7.02
09-02-1996,7.02
16-02-1996,6.94
23-02-1996,7.32
01-03-1996,7.41
08-03-1996,7.38
15-03-1996,7.83
22-03-1996,7.81
29-03-1996,7.69
05-04-1996,7.78
12-04-1996,8.05
19-04-1996,7.95
26-04-1996,7.92
03-05-1996,7.99
10-05-1996,8.24
17-05-1996,8.08
24-05-1996,8.01
31-05-1996,8.03
07-06-1996,8.3
14-06-1996,8.39
21-06-1996,8.3
28-06-1996,8.29
05-07-1996,8.14
12-07-1996,8.42
19-07-1996,8.23
26-07-1996,8.19
02-08-1996,8.23
09-08-1996,7.88
16-08-1996,7.88
23-08-1996,7.93
30-08-1996,8.09
06-09-1996,8.34
13-09-1996,8.28
20-09-1996,8.14
27-09-1996,8.16
04-10-1996,8.06
11-10-1996,7.86
18-10-1996,7.88
25-10-1996,7.86
01-11-1996,7.78
08-11-1996,7.67
15-11-1996,7.59
22-11-1996,7.53
29-11-1996,7.52
06-12-1996,7.44
13-12-1996,7.57
20-12-1996,7.74
27-12-1996,7.64
03-01-1997,7.67
10-01-1997,7.85
17-01-1997,7.87
24-01-1997,7.85
31-01-1997,7.88
07-02-1997,7.74
14-02-1997,7.65
21-02-1997,7.56
28-02-1997,7.65
07-03-1997,7.84
14-03-1997,7.84
21-03-1997,7.94
28-03-1997,7.97
04-04-1997,8.18
11-04-1997,8.15
18-04-1997,8.16
25-04-1997,8.08
02-05-1997,8.01
09-05-1997,7.94
16-05-1997,7.91
23-05-1997,7.92
30-05-1997,7.94
06-06-1997,7.85
13-06-1997,7.72
20-06-1997,7.61
27-06-1997,7.58
04-07-1997,7.62
11-07-1997,7.47
18-07-1997,7.47
25-07-1997,7.43
01-08-1997,7.36
08-08-1997,7.46
15-08-1997,7.54
22-08-1997,7.46
29-08-1997,7.58
05-09-1997,7.53
12-09-1997,7.53
19-09-1997,7.38
26-09-1997,7.28
03-10-1997,7.31
10-10-1997,7.26
17-10-1997,7.34
24-10-1997,7.35
31-10-1997,7.21
07-11-1997,7.24
14-11-1997,7.23
21-11-1997,7.18
28-11-1997,7.17
05-12-1997,7.15
12-12-1997,7.17
19-12-1997,7.07
26-12-1997,6.99
02-01-1998,7.03
09-01-1998,6.94
16-01-1998,6.89
23-01-1998,6.99
30-01-1998,7.12
06-02-1998,7.03
13-02-1998,7.06
20-02-1998,6.99
28-02-1998,7.09
06-03-1998,7.19
13-03-1998,7.16
20-03-1998,7.08
27-03-1998,7.08
03-04-1998,7.15
10-04-1998,7.09
17-04-1998,7.17
24-04-1998,7.15
01-05-1998,7.22
08-05-1998,7.14
15-05-1998,7.19
22-05-1998,7.1
29-05-1998,7.07
05-06-1998,7.05
12-06-1998,7.04
19-06-1998,6.94
26-06-1998,6.96
03-07-1998,6.98
10-07-1998,6.91
17-07-1998,6.94
24-07-1998,6.96
31-07-1998,6.97
07-08-1998,6.94
14-08-1998,6.91
21-08-1998,6.92
28-08-1998,6.92
04-09-1998,6.82
11-09-1998,6.77
18-09-1998,6.66
25-09-1998,6.64
02-10-1998,6.6
09-10-1998,6.49
16-10-1998,6.9
23-10-1998,6.73
30-10-1998,6.83
06-11-1998,6.89
13-11-1998,6.93
20-11-1998,6.86
27-11-1998,6.78
04-12-1998,6.71
11-12-1998,6.69
18-12-1998,6.69
25-12-1998,6.77
31-12-1998,6.83
08-01-1999,6.79
15-01-1999,6.83
22-01-1999,6.78
29-01-1999,6.74
05-02-1999,6.75
12-02-1999,6.77
19-02-1999,6.82
26-02-1999,6.89
05-03-1999,7.06
12-03-1999,7.11
19-03-1999,7.01
26-03-1999,6.98
02-04-1999,6.98
09-04-1999,6.92
16-04-1999,6.87
23-04-1999,6.88
30-04-1999,6.93
07-05-1999,7.02
14-05-1999,7.1
21-05-1999,7.23
28-05-1999,7.23
04-06-1999,7.41
11-06-1999,7.51
18-06-1999,7.65
25-06-1999,7.63
02-07-1999,7.71
09-07-1999,7.65
16-07-1999,7.58
23-07-1999,7.52
30-07-1999,7.7
06-08-1999,7.89
13-08-1999,8.15
20-08-1999,7.93
27-08-1999,7.8
03-09-1999,7.83
10-09-1999,7.88
17-09-1999,7.82
24-09-1999,7.76
01-10-1999,7.7
08-10-1999,7.82
15-10-1999,7.85
22-10-1999,7.93
29-10-1999,7.96
05-11-1999,7.84
12-11-1999,7.67
19-11-1999,7.69
26-11-1999,7.75
03-12-1999,7.84
10-12-1999,7.84
17-12-1999,7.86
24-12-1999,7.96
31-12-1999,8.06
07-01-2000,8.15
14-01-2000,8.18
21-01-2000,8.26
28-01-2000,8.25
04-02-2000,8.25
11-02-2000,8.36
18-02-2000,8.38
25-02-2000,8.31
03-03-2000,8.27
10-03-2000,8.23
17-03-2000,8.24
24-03-2000,8.23
31-03-2000,8.23
07-04-2000,8.2
14-04-2000,8.12
21-04-2000,8.16
28-04-2000,8.13
05-05-2000,8.28
12-05-2000,8.52
19-05-2000,8.64
26-05-2000,8.62
02-06-2000,8.54
09-06-2000,8.32
16-06-2000,8.22
23-06-2000,8.14
30-06-2000,8.22
07-07-2000,8.16
14-07-2000,8.09
21-07-2000,8.21
28-07-2000,8.13
04-08-2000,8.12
11-08-2000,8.04
18-08-2000,7.96
25-08-2000,7.99
01-09-2000,7.96
08-09-2000,7.94
15-09-2000,7.88
22-09-2000,7.9
29-09-2000,7.88
06-10-2000,7.83
13-10-2000,7.84
20-10-2000,7.83
27-10-2000,7.68
03-11-2000,7.73
10-11-2000,7.79
17-11-2000,7.73
24-11-2000,7.73
01-12-2000,7.65
08-12-2000,7.54
15-12-2000,7.42
22-12-2000,7.17
29-12-2000,7.13
05-01-2001,7.07
12-01-2001,6.89
19-01-2001,7.02
26-01-2001,7.15
02-02-2001,7.09
09-02-2001,6.98
16-02-2001,7.01
23-02-2001,7.12
02-03-2001,7.03
09-03-2001,6.97
16-03-2001,6.96
23-03-2001,6.89
30-03-2001,6.91
06-04-2001,7.01
13-04-2001,7.04
20-04-2001,7.14
27-04-2001,7.12
04-05-2001,7.14
11-05-2001,7.1
18-05-2001,7.14
25-05-2001,7.2
01-06-2001,7.24
08-06-2001,7.2
15-06-2001,7.14
22-06-2001,7.11
29-06-2001,7.11
06-07-2001,7.19
13-07-2001,7.21
20-07-2001,7.08
27-07-2001,7.03
03-08-2001,7
10-08-2001,7
17-08-2001,6.92
24-08-2001,6.91
31-08-2001,6.92
07-09-2001,6.89
14-09-2001,6.86
21-09-2001,6.8
28-09-2001,6.72
05-10-2001,6.64
12-10-2001,6.58
19-10-2001,6.61
26-10-2001,6.64
02-11-2001,6.56
09-11-2001,6.45
16-11-2001,6.51
23-11-2001,6.75
30-11-2001,7.02
07-12-2001,6.84
14-12-2001,7.09
21-12-2001,7.17
28-12-2001,7.16
04-01-2002,7.14
11-01-2002,7.06
18-01-2002,6.83
25-01-2002,6.96
01-02-2002,7.02
08-02-2002,6.88
15-02-2002,6.86
22-02-2002,6.81
01-03-2002,6.8
08-03-2002,6.87
15-03-2002,7.08
22-03-2002,7.14
29-03-2002,7.18
05-04-2002,7.13
12-04-2002,6.99
19-04-2002,6.94
26-04-2002,6.88
03-05-2002,6.78
10-05-2002,6.79
17-05-2002,6.89
24-05-2002,6.81
31-05-2002,6.76
07-06-2002,6.71
14-06-2002,6.71
21-06-2002,6.63
28-06-2002,6.55
05-07-2002,6.57
12-07-2002,6.54
19-07-2002,6.49
26-07-2002,6.34
02-08-2002,6.43
09-08-2002,6.31
16-08-2002,6.22
23-08-2002,6.27
30-08-2002,6.22
06-09-2002,6.15
13-09-2002,6.18
20-09-2002,6.05
27-09-2002,5.99
04-10-2002,6.01
11-10-2002,5.98
18-10-2002,6.15
25-10-2002,6.31
01-11-2002,6.13
08-11-2002,6.11
15-11-2002,5.94
22-11-2002,6.03
29-11-2002,6.13
06-12-2002,6.19
13-12-2002,6.04
20-12-2002,6.03
27-12-2002,5.93
03-01-2003,5.85
10-01-2003,5.95
17-01-2003,5.97
24-01-2003,5.91
31-01-2003,5.9
07-02-2003,5.88
14-02-2003,5.86
21-02-2003,5.84
28-02-2003,5.79
07-03-2003,5.67
14-03-2003,5.61
21-03-2003,5.79
28-03-2003,5.91
04-04-2003,5.79
11-04-2003,5.85
18-04-2003,5.82
25-04-2003,5.79
02-05-2003,5.7
09-05-2003,5.62
16-05-2003,5.45
23-05-2003,5.34
30-05-2003,5.31
06-06-2003,5.26
13-06-2003,5.21
20-06-2003,5.21
27-06-2003,5.24
04-07-2003,5.4
11-07-2003,5.52
18-07-2003,5.67
25-07-2003,5.94
01-08-2003,6.14
08-08-2003,6.34
15-08-2003,6.24
22-08-2003,6.28
29-08-2003,6.32
05-09-2003,6.44
12-09-2003,6.16
19-09-2003,6.01
26-09-2003,5.98
03-10-2003,5.77
10-10-2003,5.95
17-10-2003,6.05
24-10-2003,6.05
31-10-2003,5.94
07-11-2003,5.98
14-11-2003,6.03
21-11-2003,5.83
28-11-2003,5.89
05-12-2003,6.02
12-12-2003,5.88
19-12-2003,5.82
26-12-2003,5.81
31-12-2003,5.85
08-01-2004,5.87
15-01-2004,5.66
22-01-2004,5.64
29-01-2004,5.68
05-02-2004,5.72
12-02-2004,5.66
19-02-2004,5.58
26-02-2004,5.58
04-03-2004,5.59
11-03-2004,5.41
18-03-2004,5.38
25-03-2004,5.4
01-04-2004,5.52
08-04-2004,5.79
15-04-2004,5.89
22-04-2004,5.94
29-04-2004,6.01
06-05-2004,6.12
13-05-2004,6.34
20-05-2004,6.3
27-05-2004,6.32
03-06-2004,6.28
10-06-2004,6.3
17-06-2004,6.32
24-06-2004,6.25
01-07-2004,6.21
08-07-2004,6.01
15-07-2004,6
22-07-2004,5.98
29-07-2004,6.08
05-08-2004,5.99
12-08-2004,5.85
19-08-2004,5.81
26-08-2004,5.82
02-09-2004,5.77
09-09-2004,5.83
16-09-2004,5.75
23-09-2004,5.7
30-09-2004,5.72
07-10-2004,5.82
14-10-2004,5.74
21-10-2004,5.69
28-10-2004,5.64
04-11-2004,5.7
11-11-2004,5.76
18-11-2004,5.74
24-11-2004,5.72
02-12-2004,5.81
09-12-2004,5.71
16-12-2004,5.68
22-12-2004,5.75
29-12-2004,5.81
06-01-2005,5.77
13-01-2005,5.74
20-01-2005,5.67
27-01-2005,5.66
03-02-2005,5.63
10-02-2005,5.57
17-02-2005,5.62
24-02-2005,5.69
03-03-2005,5.79
10-03-2005,5.85
17-03-2005,5.95
24-03-2005,6.01
31-03-2005,6.04
07-04-2005,5.93
14-04-2005,5.91
21-04-2005,5.8
28-04-2005,5.78
05-05-2005,5.75
12-05-2005,5.77
19-05-2005,5.71
26-05-2005,5.65
02-06-2005,5.62
09-06-2005,5.56
16-06-2005,5.63
23-06-2005,5.57
30-06-2005,5.53
07-07-2005,5.62
14-07-2005,5.66
21-07-2005,5.73
28-07-2005,5.77
04-08-2005,5.82
11-08-2005,5.89
18-08-2005,5.8
25-08-2005,5.77
01-09-2005,5.71
08-09-2005,5.71
15-09-2005,5.74
22-09-2005,5.8
29-09-2005,5.91
06-10-2005,5.98
13-10-2005,6.03
20-10-2005,6.1
27-10-2005,6.15
03-11-2005,6.31
10-11-2005,6.36
17-11-2005,6.37
23-11-2005,6.28
01-12-2005,6.26
08-12-2005,6.32
15-12-2005,6.3
22-12-2005,6.26
29-12-2005,6.22
05-01-2006,6.21
12-01-2006,6.15
19-01-2006,6.1
26-01-2006,6.12
02-02-2006,6.23
09-02-2006,6.24
16-02-2006,6.28
23-02-2006,6.26
02-03-2006,6.24
09-03-2006,6.37
16-03-2006,6.34
23-03-2006,6.32
30-03-2006,6.35
06-04-2006,6.43
13-04-2006,6.49
20-04-2006,6.53
27-04-2006,6.58
04-05-2006,6.59
11-05-2006,6.58
18-05-2006,6.6
25-05-2006,6.62
01-06-2006,6.67
08-06-2006,6.62
15-06-2006,6.63
22-06-2006,6.71
29-06-2006,6.78
06-07-2006,6.79
13-07-2006,6.74
20-07-2006,6.8
27-07-2006,6.72
03-08-2006,6.63
10-08-2006,6.55
17-08-2006,6.52
24-08-2006,6.48
31-08-2006,6.44
07-09-2006,6.47
14-09-2006,6.43
21-09-2006,6.4
28-09-2006,6.31
05-10-2006,6.3
12-10-2006,6.37
19-10-2006,6.36
26-10-2006,6.4
02-11-2006,6.31
09-11-2006,6.33
16-11-2006,6.24
22-11-2006,6.18
30-11-2006,6.14
07-12-2006,6.11
14-12-2006,6.12
21-12-2006,6.13
28-12-2006,6.18
04-01-2007,6.18
11-01-2007,6.21
18-01-2007,6.23
25-01-2007,6.25
01-02-2007,6.34
08-02-2007,6.28
15-02-2007,6.3
22-02-2007,6.22
01-03-2007,6.18
08-03-2007,6.14
15-03-2007,6.14
22-03-2007,6.16
29-03-2007,6.16
05-04-2007,6.17
12-04-2007,6.22
19-04-2007,6.17
26-04-2007,6.16
03-05-2007,6.16
10-05-2007,6.15
17-05-2007,6.21
24-05-2007,6.37
31-05-2007,6.42
07-06-2007,6.53
14-06-2007,6.74
21-06-2007,6.69
28-06-2007,6.67
05-07-2007,6.63
12-07-2007,6.73
19-07-2007,6.73
26-07-2007,6.69
02-08-2007,6.68
09-08-2007,6.59
16-08-2007,6.62
23-08-2007,6.52
30-08-2007,6.45
06-09-2007,6.46
13-09-2007,6.31
20-09-2007,6.34
27-09-2007,6.42
04-10-2007,6.37
11-10-2007,6.4
18-10-2007,6.4
25-10-2007,6.33
01-11-2007,6.26
08-11-2007,6.24
15-11-2007,6.24
21-11-2007,6.2
29-11-2007,6.1
06-12-2007,5.96
13-12-2007,6.11
20-12-2007,6.14
27-12-2007,6.17
03-01-2008,6.07
10-01-2008,5.87
17-01-2008,5.69
24-01-2008,5.48
31-01-2008,5.68
07-02-2008,5.67
14-02-2008,5.72
21-02-2008,6.04
28-02-2008,6.24
06-03-2008,6.03
13-03-2008,6.13
20-03-2008,5.87
27-03-2008,5.85
03-04-2008,5.88
10-04-2008,5.88
17-04-2008,5.88
24-04-2008,6.03
01-05-2008,6.06
08-05-2008,6.05
15-05-2008,6.01
22-05-2008,5.98
29-05-2008,6.08
05-06-2008,6.09
12-06-2008,6.32
19-06-2008,6.42
26-06-2008,6.45
03-07-2008,6.35
10-07-2008,6.37
17-07-2008,6.26
24-07-2008,6.63
31-07-2008,6.52
07-08-2008,6.52
14-08-2008,6.52
21-08-2008,6.47
28-08-2008,6.4
04-09-2008,6.35
11-09-2008,5.93
18-09-2008,5.78
25-09-2008,6.09
02-10-2008,6.1
09-10-2008,5.94
16-10-2008,6.46
23-10-2008,6.04
30-10-2008,6.46
06-11-2008,6.2
13-11-2008,6.14
20-11-2008,6.04
26-11-2008,5.97
04-12-2008,5.53
11-12-2008,5.47
18-12-2008,5.19
24-12-2008,5.14
31-12-2008,5.1
08-01-2009,5.01
15-01-2009,4.96
22-01-2009,5.12
29-01-2009,5.1
05-02-2009,5.25
12-02-2009,5.16
19-02-2009,5.04
26-02-2009,5.07
05-03-2009,5.15
12-03-2009,5.03
19-03-2009,4.98
26-03-2009,4.85
02-04-2009,4.78
09-04-2009,4.87
16-04-2009,4.82
23-04-2009,4.8
30-04-2009,4.78
07-05-2009,4.84
14-05-2009,4.86
21-05-2009,4.82
28-05-2009,4.91
04-06-2009,5.29
11-06-2009,5.59
18-06-2009,5.38
25-06-2009,5.42
02-07-2009,5.32
09-07-2009,5.2
16-07-2009,5.14
23-07-2009,5.2
30-07-2009,5.25
06-08-2009,5.22
13-08-2009,5.29
20-08-2009,5.12
27-08-2009,5.14
03-09-2009,5.08
10-09-2009,5.07
17-09-2009,5.04
24-09-2009,5.04
01-10-2009,4.94
08-10-2009,4.87
15-10-2009,4.92
22-10-2009,5
29-10-2009,5.03
05-11-2009,4.98
12-11-2009,4.91
19-11-2009,4.83
25-11-2009,4.78
03-12-2009,4.71
10-12-2009,4.81
17-12-2009,4.94
24-12-2009,5.05
31-12-2009,5.14
07-01-2010,5.09
14-01-2010,5.06
21-01-2010,4.99
28-01-2010,4.98
04-02-2010,5.01
11-02-2010,4.97
18-02-2010,4.93
25-02-2010,5.05
04-03-2010,4.97
11-03-2010,4.95
18-03-2010,4.96
25-03-2010,4.99
01-04-2010,5.08
08-04-2010,5.21
15-04-2010,5.07
22-04-2010,5.07
29-04-2010,5.06
06-05-2010,5
13-05-2010,4.93
20-05-2010,4.84
27-05-2010,4.78
03-06-2010,4.79
10-06-2010,4.72
17-06-2010,4.75
24-06-2010,4.69
01-07-2010,4.58
08-07-2010,4.57
15-07-2010,4.57
22-07-2010,4.56
29-07-2010,4.54
05-08-2010,4.49
12-08-2010,4.44
19-08-2010,4.42
26-08-2010,4.36
02-09-2010,4.32
09-09-2010,4.35
16-09-2010,4.37
23-09-2010,4.37
30-09-2010,4.32
07-10-2010,4.27
14-10-2010,4.19
21-10-2010,4.21
28-10-2010,4.23
04-11-2010,4.24
11-11-2010,4.17
18-11-2010,4.39
24-11-2010,4.4
02-12-2010,4.46
09-12-2010,4.61
16-12-2010,4.83
23-12-2010,4.81
30-12-2010,4.86
06-01-2011,4.77
13-01-2011,4.71
20-01-2011,4.74
27-01-2011,4.8
03-02-2011,4.81
10-02-2011,5.05
17-02-2011,5
24-02-2011,4.95
03-03-2011,4.87
10-03-2011,4.88
17-03-2011,4.76
24-03-2011,4.81
31-03-2011,4.86
07-04-2011,4.87
14-04-2011,4.91
21-04-2011,4.8
28-04-2011,4.78
05-05-2011,4.71
12-05-2011,4.63
19-05-2011,4.61
26-05-2011,4.6
02-06-2011,4.55
09-06-2011,4.49
16-06-2011,4.5
23-06-2011,4.5
30-06-2011,4.51
07-07-2011,4.6
14-07-2011,4.51
21-07-2011,4.52
28-07-2011,4.55
04-08-2011,4.39
11-08-2011,4.32
18-08-2011,4.15
25-08-2011,4.22
01-09-2011,4.22
08-09-2011,4.12
15-09-2011,4.09
22-09-2011,4.09
29-09-2011,4.01
06-10-2011,3.94
13-10-2011,4.12
20-10-2011,4.11
27-10-2011,4.1
03-11-2011,4
10-11-2011,3.99
17-11-2011,4
23-11-2011,3.98
01-12-2011,4
08-12-2011,3.99
15-12-2011,3.94
22-12-2011,3.91
29-12-2011,3.95
05-01-2012,3.91
12-01-2012,3.89
19-01-2012,3.88
26-01-2012,3.98
02-02-2012,3.87
09-02-2012,3.87
16-02-2012,3.87
23-02-2012,3.95
01-03-2012,3.9
08-03-2012,3.88
15-03-2012,3.92
22-03-2012,4.08
29-03-2012,3.99
05-04-2012,3.98
12-04-2012,3.88
19-04-2012,3.9
26-04-2012,3.88
03-05-2012,3.84
10-05-2012,3.83
17-05-2012,3.79
24-05-2012,3.78
31-05-2012,3.75
07-06-2012,3.67
14-06-2012,3.71
21-06-2012,3.66
28-06-2012,3.66
05-07-2012,3.62
12-07-2012,3.56
19-07-2012,3.53
26-07-2012,3.49
02-08-2012,3.55
09-08-2012,3.59
16-08-2012,3.62
23-08-2012,3.66
30-08-2012,3.59
06-09-2012,3.55
13-09-2012,3.55
20-09-2012,3.49
27-09-2012,3.4
04-10-2012,3.36
11-10-2012,3.39
18-10-2012,3.37
25-10-2012,3.41
01-11-2012,3.39
08-11-2012,3.4
15-11-2012,3.34
21-11-2012,3.31
29-11-2012,3.32
06-12-2012,3.34
13-12-2012,3.32
20-12-2012,3.37
27-12-2012,3.35
03-01-2013,3.34
10-01-2013,3.4
17-01-2013,3.38
24-01-2013,3.42
31-01-2013,3.53
07-02-2013,3.53
14-02-2013,3.53
21-02-2013,3.56
28-02-2013,3.51
07-03-2013,3.52
14-03-2013,3.63
21-03-2013,3.54
28-03-2013,3.57
04-04-2013,3.54
11-04-2013,3.43
18-04-2013,3.41
25-04-2013,3.4
02-05-2013,3.35
09-05-2013,3.42
16-05-2013,3.51
23-05-2013,3.59
30-05-2013,3.81
06-06-2013,3.91
13-06-2013,3.98
20-06-2013,3.93
27-06-2013,4.46
03-07-2013,4.29
11-07-2013,4.51
18-07-2013,4.37
25-07-2013,4.31
01-08-2013,4.39
08-08-2013,4.4
15-08-2013,4.4
22-08-2013,4.58
29-08-2013,4.51
05-09-2013,4.57
12-09-2013,4.57
19-09-2013,4.5
26-09-2013,4.32
03-10-2013,4.22
10-10-2013,4.23
17-10-2013,4.28
24-10-2013,4.13
31-10-2013,4.1
07-11-2013,4.16
14-11-2013,4.35
21-11-2013,4.22
27-11-2013,4.29
05-12-2013,4.46
12-12-2013,4.42
19-12-2013,4.47
26-12-2013,4.48
02-01-2014,4.53
09-01-2014,4.51
16-01-2014,4.41
23-01-2014,4.39
30-01-2014,4.32
06-02-2014,4.23
13-02-2014,4.28
20-02-2014,4.33
27-02-2014,4.37
06-03-2014,4.28
13-03-2014,4.37
20-03-2014,4.32
27-03-2014,4.4
03-04-2014,4.41
10-04-2014,4.34
17-04-2014,4.27
24-04-2014,4.33
01-05-2014,4.29
08-05-2014,4.21
15-05-2014,4.2
22-05-2014,4.14
29-05-2014,4.12
05-06-2014,4.14
12-06-2014,4.2
19-06-2014,4.17
26-06-2014,4.14
03-07-2014,4.12
10-07-2014,4.15
17-07-2014,4.13
24-07-2014,4.13
31-07-2014,4.12
07-08-2014,4.14
14-08-2014,4.12
21-08-2014,4.1
28-08-2014,4.1
04-09-2014,4.1
11-09-2014,4.12
18-09-2014,4.23
25-09-2014,4.2
02-10-2014,4.19
09-10-2014,4.12
16-10-2014,3.97
23-10-2014,3.92
30-10-2014,3.98
06-11-2014,4.02
13-11-2014,4.01
20-11-2014,3.99
26-11-2014,3.97
04-12-2014,3.89
11-12-2014,3.93
18-12-2014,3.8
24-12-2014,3.83
31-12-2014,3.87
08-01-2015,3.73
15-01-2015,3.66
22-01-2015,3.63
29-01-2015,3.66
05-02-2015,3.59
12-02-2015,3.69
19-02-2015,3.76
26-02-2015,3.8
05-03-2015,3.75
12-03-2015,3.86
19-03-2015,3.78
26-03-2015,3.69
02-04-2015,3.7
09-04-2015,3.66
16-04-2015,3.67
23-04-2015,3.65
30-04-2015,3.68
07-05-2015,3.8
14-05-2015,3.85
21-05-2015,3.84
28-05-2015,3.87
04-06-2015,3.87
11-06-2015,4.04
18-06-2015,4
25-06-2015,4.02
02-07-2015,4.08
09-07-2015,4.04
16-07-2015,4.09
23-07-2015,4.04
30-07-2015,3.98
06-08-2015,3.91
13-08-2015,3.94
20-08-2015,3.93
27-08-2015,3.84
03-09-2015,3.89
10-09-2015,3.9
17-09-2015,3.91
24-09-2015,3.86
01-10-2015,3.85
08-10-2015,3.76
15-10-2015,3.82
22-10-2015,3.79
29-10-2015,3.76
05-11-2015,3.87
12-11-2015,3.98
19-11-2015,3.97
25-11-2015,3.95
03-12-2015,3.93
10-12-2015,3.95
17-12-2015,3.97
24-12-2015,3.96
31-12-2015,4.01
07-01-2016,3.97
14-01-2016,3.92
21-01-2016,3.81
28-01-2016,3.79
04-02-2016,3.72
11-02-2016,3.65
18-02-2016,3.65
25-02-2016,3.62
03-03-2016,3.64
10-03-2016,3.68
17-03-2016,3.73
24-03-2016,3.71
31-03-2016,3.71
07-04-2016,3.59
14-04-2016,3.58
21-04-2016,3.59
28-04-2016,3.66
05-05-2016,3.61
12-05-2016,3.57
19-05-2016,3.58
26-05-2016,3.64
02-06-2016,3.66
09-06-2016,3.6
16-06-2016,3.54
23-06-2016,3.56
30-06-2016,3.48
07-07-2016,3.41
14-07-2016,3.42
21-07-2016,3.45
28-07-2016,3.48
04-08-2016,3.43
11-08-2016,3.45
18-08-2016,3.43
25-08-2016,3.43
01-09-2016,3.46
08-09-2016,3.44
15-09-2016,3.5
22-09-2016,3.48
29-09-2016,3.42
06-10-2016,3.42
13-10-2016,3.47
20-10-2016,3.52
27-10-2016,3.47
03-11-2016,3.54
10-11-2016,3.57
17-11-2016,3.94
23-11-2016,4.03
01-12-2016,4.08
08-12-2016,4.13
15-12-2016,4.16
22-12-2016,4.3
29-12-2016,4.32
05-01-2017,4.2
12-01-2017,4.12
19-01-2017,4.09
26-01-2017,4.19
02-02-2017,4.19
09-02-2017,4.17
16-02-2017,4.15
23-02-2017,4.16
02-03-2017,4.1
09-03-2017,4.21
16-03-2017,4.3
23-03-2017,4.23
30-03-2017,4.14
06-04-2017,4.1
13-04-2017,4.08
20-04-2017,3.97
27-04-2017,4.03
04-05-2017,4.02
11-05-2017,4.05
18-05-2017,4.02
25-05-2017,3.95
01-06-2017,3.94
08-06-2017,3.89
15-06-2017,3.91
22-06-2017,3.9
29-06-2017,3.88
06-07-2017,3.96
13-07-2017,4.03
20-07-2017,3.96
27-07-2017,3.92
03-08-2017,3.93
10-08-2017,3.9
17-08-2017,3.89
24-08-2017,3.86
31-08-2017,3.82
07-09-2017,3.78
14-09-2017,3.78
21-09-2017,3.83
28-09-2017,3.83
05-10-2017,3.85
12-10-2017,3.91
19-10-2017,3.88
26-10-2017,3.94
02-11-2017,3.94
09-11-2017,3.9
16-11-2017,3.95
22-11-2017,3.92
30-11-2017,3.9
07-12-2017,3.94
14-12-2017,3.93
21-12-2017,3.94
28-12-2017,3.99
04-01-2018,3.95
11-01-2018,3.99
18-01-2018,4.04
25-01-2018,4.15
01-02-2018,4.22
08-02-2018,4.32
15-02-2018,4.38
22-02-2018,4.4
01-03-2018,4.43
08-03-2018,4.46
15-03-2018,4.44
22-03-2018,4.45
29-03-2018,4.44
05-04-2018,4.4
12-04-2018,4.42
19-04-2018,4.47
26-04-2018,4.58
03-05-2018,4.55
10-05-2018,4.55
17-05-2018,4.61
24-05-2018,4.66
31-05-2018,4.56
07-06-2018,4.54
14-06-2018,4.62
21-06-2018,4.57
28-06-2018,4.55
05-07-2018,4.52
12-07-2018,4.53
19-07-2018,4.52
26-07-2018,4.54
02-08-2018,4.6
09-08-2018,4.59
16-08-2018,4.53
23-08-2018,4.51
30-08-2018,4.52
06-09-2018,4.54
13-09-2018,4.6
20-09-2018,4.65
27-09-2018,4.72
04-10-2018,4.71
11-10-2018,4.9
18-10-2018,4.85
25-10-2018,4.86
01-11-2018,4.83
08-11-2018,4.94
15-11-2018,4.94
21-11-2018,4.81
29-11-2018,4.81
06-12-2018,4.75
13-12-2018,4.63
20-12-2018,4.62
27-12-2018,4.55
03-01-2019,4.51
10-01-2019,4.45
17-01-2019,4.45
24-01-2019,4.45
31-01-2019,4.46
07-02-2019,4.41
14-02-2019,4.37
21-02-2019,4.35
28-02-2019,4.35
07-03-2019,4.41
14-03-2019,4.31
21-03-2019,4.28
28-03-2019,4.06
04-04-2019,4.08
11-04-2019,4.12
18-04-2019,4.17
25-04-2019,4.2
02-05-2019,4.14
09-05-2019,4.1
16-05-2019,4.07
23-05-2019,4.06
30-05-2019,3.99
06-06-2019,3.82
13-06-2019,3.82
20-06-2019,3.84
27-06-2019,3.73
03-07-2019,3.75
11-07-2019,3.75
18-07-2019,3.81
25-07-2019,3.75
01-08-2019,3.75
08-08-2019,3.6
15-08-2019,3.6
22-08-2019,3.55
29-08-2019,3.58
05-09-2019,3.49
12-09-2019,3.56
19-09-2019,3.73
26-09-2019,3.64
03-10-2019,3.65
10-10-2019,3.57
17-10-2019,3.69
24-10-2019,3.75
31-10-2019,3.78
07-11-2019,3.69
14-11-2019,3.75
21-11-2019,3.66
27-11-2019,3.68
05-12-2019,3.68
12-12-2019,3.73
19-12-2019,3.73
26-12-2019,3.74
02-01-2020,3.72
09-01-2020,3.64
16-01-2020,3.65
23-01-2020,3.6
30-01-2020,3.51
06-02-2020,3.45
13-02-2020,3.47
20-02-2020,3.49
27-02-2020,3.45
05-03-2020,3.29
12-03-2020,3.36
19-03-2020,3.65
26-03-2020,3.5
02-04-2020,3.33
09-04-2020,3.33
16-04-2020,3.31
23-04-2020,3.33
30-04-2020,3.23
07-05-2020,3.26
14-05-2020,3.28
21-05-2020,3.24
28-05-2020,3.15
04-06-2020,3.18
11-06-2020,3.21
18-06-2020,3.13
25-06-2020,3.13
02-07-2020,3.07
09-07-2020,3.03
16-07-2020,2.98
23-07-2020,3.01
30-07-2020,2.99
06-08-2020,2.88
13-08-2020,2.96
20-08-2020,2.99
27-08-2020,2.91
03-09-2020,2.93
10-09-2020,2.86
17-09-2020,2.87
24-09-2020,2.9
01-10-2020,2.88
08-10-2020,2.87
15-10-2020,2.81
22-10-2020,2.8
29-10-2020,2.81
05-11-2020,2.78
12-11-2020,2.84
19-11-2020,2.72
25-11-2020,2.72
03-12-2020,2.71
10-12-2020,2.71
17-12-2020,2.67
24-12-2020,2.66
31-12-2020,2.67
07-01-2021,2.65
14-01-2021,2.79
21-01-2021,2.77
28-01-2021,2.73
04-02-2021,2.73
11-02-2021,2.73
18-02-2021,2.81
25-02-2021,2.97
04-03-2021,3.02
11-03-2021,3.05
18-03-2021,3.09
25-03-2021,3.17
01-04-2021,3.18
08-04-2021,3.13
15-04-2021,3.04
22-04-2021,2.97
29-04-2021,2.98
06-05-2021,2.96
13-05-2021,2.94
20-05-2021,3
27-05-2021,2.95
03-06-2021,2.99
10-06-2021,2.96
17-06-2021,2.93
24-06-2021,3.02
01-07-2021,2.98
08-07-2021,2.9
15-07-2021,2.88
22-07-2021,2.78
29-07-2021,2.8
05-08-2021,2.77
12-08-2021,2.87
19-08-2021,2.86
26-08-2021,2.87
02-09-2021,2.87
09-09-2021,2.88
16-09-2021,2.86
23-09-2021,2.88
30-09-2021,3.01
07-10-2021,2.99
14-10-2021,3.05
21-10-2021,3.09
28-10-2021,3.14
04-11-2021,3.09
10-11-2021,2.98
18-11-2021,3.1
24-11-2021,3.1
02-12-2021,3.11
09-12-2021,3.1
16-12-2021,3.12
23-12-2021,3.05
30-12-2021,3.11
06-01-2022,3.22
13-01-2022,3.45
20-01-2022,3.56
27-01-2022,3.55
03-02-2022,3.55
10-02-2022,3.69
17-02-2022,3.92
24-02-2022,3.89
03-03-2022,3.76
10-03-2022,3.85
17-03-2022,4.16
24-03-2022,4.42
31-03-2022,4.67
07-04-2022,4.72
14-04-2022,5
21-04-2022,5.11
28-04-2022,5.1
05-05-2022,5.27
12-05-2022,5.3
19-05-2022,5.25
